{
  "IcoMoonType": "selection",
  "icons": [
    {
      "icon": {
        "paths": [
          "M853.333 233.692l-63.027-63.025-249.862 249.864-249.864-249.864-63.025 63.025 249.864 249.864-249.864 249.862 63.025 63.027 249.864-249.864 249.862 249.864 63.027-63.027-249.862-249.862 249.862-249.864z"
        ],
        "attrs": [
          {}
        ],
        "isMulticolor": false,
        "isMulticolor2": false,
        "grid": 0,
        "tags": [
          "close-form"
        ]
      },
      "attrs": [
        {}
      ],
      "properties": {
        "order": 43,
        "id": 0,
        "name": "close-form",
        "prevSize": 32
      },
      "setIdx": 0,
      "setId": 6,
      "iconIdx": 0
    },
    {
      "icon": {
        "paths": [
          "M512 512c94.293 0 170.667-76.373 170.667-170.667s-76.373-170.667-170.667-170.667c-94.293 0-170.667 76.373-170.667 170.667s76.373 170.667 170.667 170.667zM512 597.333c-113.92 0-341.333 57.173-341.333 170.667v42.667c0 23.467 19.2 42.667 42.667 42.667h597.333c23.467 0 42.667-19.2 42.667-42.667v-42.667c0-113.493-227.413-170.667-341.333-170.667z"
        ],
        "attrs": [
          {}
        ],
        "isMulticolor": false,
        "isMulticolor2": false,
        "grid": 0,
        "tags": [
          "person-form"
        ],
        "colorPermutations": {
          "2552552551331502431": [
            {}
          ]
        }
      },
      "attrs": [
        {}
      ],
      "properties": {
        "order": 38,
        "id": 3,
        "name": "person-form",
        "prevSize": 32
      },
      "setIdx": 1,
      "setId": 5,
      "iconIdx": 1
    },
    {
      "icon": {
        "paths": [
          "M796.206 632.752l-104.573-11.941c-25.111-2.884-49.812 5.763-67.516 23.467l-75.751 75.753c-116.509-59.284-212.022-154.387-271.305-271.309l76.163-76.164c17.703-17.703 26.349-42.404 23.467-67.517l-11.939-103.748c-4.94-41.581-39.934-72.87-81.927-72.87h-71.223c-46.521 0-85.221 38.699-82.339 85.221 21.82 351.588 303.006 632.362 654.177 654.184 46.524 2.879 85.225-35.817 85.225-82.341v-71.219c0.41-41.586-30.879-76.578-72.459-81.516z"
        ],
        "attrs": [
          {}
        ],
        "isMulticolor": false,
        "isMulticolor2": false,
        "grid": 0,
        "tags": [
          "phone-form"
        ],
        "colorPermutations": {
          "2552552551331502431": [
            {}
          ]
        }
      },
      "attrs": [
        {}
      ],
      "properties": {
        "order": 39,
        "id": 2,
        "name": "phone-form",
        "prevSize": 32
      },
      "setIdx": 1,
      "setId": 5,
      "iconIdx": 2
    },
    {
      "icon": {
        "paths": [
          "M1024 0l-1024 576 327.251 121.203 504.749-473.202-383.927 517.955 0.311 0.115-0.384-0.115v282.048l183.522-214.106 232.482 86.106 159.996-896.004z"
        ],
        "attrs": [
          {
            "fill": "rgb(255, 255, 255)"
          }
        ],
        "isMulticolor": false,
        "isMulticolor2": false,
        "grid": 0,
        "tags": [
          "telegram-form"
        ],
        "colorPermutations": {
          "2552552551331502431": [
            {
              "f": 1
            }
          ]
        }
      },
      "attrs": [
        {
          "fill": "rgb(255, 255, 255)"
        }
      ],
      "properties": {
        "order": 42,
        "id": 1,
        "name": "telegram-form",
        "prevSize": 32
      },
      "setIdx": 1,
      "setId": 5,
      "iconIdx": 3
    },
    {
      "icon": {
        "paths": [
          "M154.154 492.438l-5.418-5.169-81.399 77.106 286.789 273.588 602.518-574.782-80.864-77.141-521.652 497.168-199.975-190.769z"
        ],
        "attrs": [
          {
            "fill": "rgb(255, 255, 255)",
            "stroke": "rgb(255, 255, 255)",
            "strokeLinejoin": "miter",
            "strokeLinecap": "butt",
            "strokeMiterlimit": "4",
            "strokeWidth": 15.753846153846155
          }
        ],
        "isMulticolor": false,
        "isMulticolor2": false,
        "grid": 0,
        "tags": [
          "vector-form"
        ],
        "colorPermutations": {
          "2552552551331502431": [
            {
              "f": 1,
              "s": 1
            }
          ]
        }
      },
      "attrs": [
        {
          "fill": "rgb(255, 255, 255)",
          "stroke": "rgb(255, 255, 255)",
          "strokeLinejoin": "miter",
          "strokeLinecap": "butt",
          "strokeMiterlimit": "4",
          "strokeWidth": 15.753846153846155
        }
      ],
      "properties": {
        "order": 41,
        "id": 0,
        "name": "vector-form",
        "prevSize": 32
      },
      "setIdx": 1,
      "setId": 5,
      "iconIdx": 4
    },
    {
      "icon": {
        "paths": [
          "M955.484 707.123l-270.182-272.162 29.986-147.696c7.739 3.021 15.964 4.599 24.269 4.659h0.205c38.153 0.451 69.446-30.111 69.9-68.264 0.452-38.153-30.113-69.446-68.266-69.898-38.153-0.451-69.446 30.111-69.898 68.264-0.097 8.164 1.254 16.28 3.992 23.972l-158.72 19.371-258.902-260.25c-3.176-3.241-7.512-5.084-12.048-5.12-4.481 0.023-8.771 1.807-11.947 4.966l-48.402 48.128c-6.662 6.664-6.662 17.468 0 24.132l26.045 26.419c-100.899 185.533-68.127 415.289 80.622 565.213 1.365 1.306 2.948 2.363 4.677 3.123-1.075 5.775-1.637 11.636-1.674 17.51v197.974h-204.8c-47.104 0.056-85.278 38.229-85.333 85.333v34.133c0 9.425 7.642 17.067 17.067 17.067h785.066c9.425 0 17.067-7.642 17.067-17.067v-34.133c-0.056-47.104-38.229-85.277-85.333-85.333h-204.8v-87.741c32.082 6.729 64.771 10.16 97.552 10.24 78.661-0.085 156.069-19.694 225.28-57.070l26.181 26.334c3.176 3.24 7.512 5.083 12.050 5.12 4.479-0.023 8.77-1.808 11.946-4.966l48.402-48.128c6.662-6.665 6.662-17.468 0-24.133zM715.697 199.458c13.366-13.294 34.978-13.234 48.271 0.13 13.294 13.366 13.234 34.978-0.13 48.271-6.399 6.363-15.054 9.934-24.079 9.933h-0.102c-18.85-0.098-34.055-15.458-33.957-34.31 0.048-9.024 3.666-17.66 10.063-24.025h-0.066zM675.523 311.603l-19.149 94.259-37.614-37.837 56.763-56.422zM656.135 282.744l-61.44 61.082-47.531-47.787 108.971-13.294zM738.875 921.6c28.277 0 51.2 22.923 51.2 51.2v17.067h-750.934v-17.067c0-28.277 22.923-51.2 51.2-51.2h648.534zM499.94 853.333v34.134h-170.666v-34.134h170.666zM329.275 819.2v-129.707c0-41.403 38.28-75.093 85.333-75.093s85.333 33.69 85.333 75.093v129.707h-170.666zM534.075 764.928v-75.435c0-60.227-53.59-109.226-119.467-109.226-42.594-0.654-82.423 21.027-104.994 57.155-129.848-136.761-159.087-340.645-72.916-508.388l595.259 598.671c-91.917 46.759-197.285 59.923-297.882 37.222zM895.324 743.048l-673.826-677.785 24.149-24.064 253.918 255.352c0.118 0 0.187 0.222 0.307 0.307l419.669 422.126-24.218 24.064z",
          "M414.759 648.533h-0.154c-28.278-0.042-51.235 22.845-51.278 51.124-0.042 28.277 22.845 51.234 51.124 51.276h0.154c28.277 0.042 51.234-22.845 51.276-51.122 0.042-28.278-22.845-51.235-51.122-51.278zM426.705 711.834c-3.212 3.195-7.566 4.982-12.099 4.966-9.425-0.050-17.026-7.73-16.978-17.155 0.023-4.511 1.833-8.83 5.031-12.013 3.176-3.158 7.466-4.943 11.947-4.966 9.425 0.050 17.026 7.73 16.976 17.155-0.023 4.511-1.833 8.83-5.031 12.013h0.154z"
        ],
        "attrs": [
          {},
          {}
        ],
        "width": 965,
        "isMulticolor": false,
        "isMulticolor2": false,
        "grid": 0,
        "tags": [
          "antennablack"
        ],
        "colorPermutations": {
          "11171171171175177184125525525513315024313333331": [
            {},
            {}
          ]
        }
      },
      "attrs": [
        {},
        {}
      ],
      "properties": {
        "order": 44,
        "id": 16,
        "name": "antennablack",
        "prevSize": 32
      },
      "setIdx": 2,
      "setId": 4,
      "iconIdx": 0
    },
    {
      "icon": {
        "paths": [
          "M1023.169 144.77c-2.014-6.162-7.338-10.666-13.773-11.606l-61.133-8.892-27.358-55.399c-5.733-11.674-24.866-11.674-30.6 0l-27.358 55.399-61.134 8.894c-6.435 0.938-11.758 5.428-13.79 11.606-1.997 6.179-0.342 12.971 4.317 17.494l44.256 43.129-10.445 60.894c-1.091 6.4 1.536 12.869 6.776 16.693 5.309 3.858 12.237 4.334 17.989 1.296l54.683-28.758 54.682 28.758c2.493 1.314 5.241 1.962 7.955 1.962 3.531 0 7.066-1.091 10.037-3.259 5.256-3.822 7.883-10.293 6.776-16.693l-10.445-60.896 44.254-43.128c4.636-4.541 6.311-11.317 4.313-17.494zM944.356 187.233c-4.010 3.909-5.854 9.574-4.899 15.104l6.11 35.653-32.016-16.829c-2.491-1.314-5.222-1.962-7.954-1.962s-5.445 0.648-7.955 1.962l-32.018 16.829 6.109-35.653c0.957-5.53-0.888-11.178-4.898-15.104l-25.925-25.258 35.808-5.206c5.563-0.802 10.36-4.301 12.851-9.336l16.008-32.427 16.008 32.427c2.493 5.034 7.289 8.534 12.853 9.336l35.806 5.206-25.89 25.258z",
          "M836.27 656.71h-34.134v34.134h34.134v-34.134z",
          "M836.27 724.979h-34.134v34.134h34.134v-34.134z",
          "M870.406 690.845h-34.134v34.134h34.134v-34.134z",
          "M802.139 690.845h-34.136v34.134h34.136v-34.134z",
          "M716.801 844.447h-34.134v34.134h34.134v-34.134z",
          "M716.801 912.715h-34.134v34.134h34.134v-34.134z",
          "M750.939 878.582h-34.136v34.134h34.136v-34.134z",
          "M682.67 878.582h-34.134v34.134h34.134v-34.134z",
          "M511.999 776.18h-34.134v34.134h34.134v-34.134z",
          "M511.999 844.447h-34.134v34.134h34.134v-34.134z",
          "M546.134 810.313h-34.134v34.134h34.134v-34.134z",
          "M477.867 810.313h-34.134v34.134h34.134v-34.134z",
          "M187.727 195.903h-34.134v34.134h34.134v-34.134z",
          "M187.727 264.173h-34.134v34.134h34.134v-34.134z",
          "M221.863 230.037h-34.134v34.136h34.134v-34.136z",
          "M153.596 230.037h-34.135v34.136h34.135v-34.136z",
          "M790.872 453.102c-9.198-12.408-22.698-20.394-38.024-22.546-15.395-2.184-30.585 1.859-42.873 11.264l-40.074 30.72-60.726 45.347-43.453-17.306c77.483-34.765 131.638-112.267 131.638-202.244 0-122.336-99.928-221.869-222.757-221.869-122.83 0-222.757 99.533-222.757 221.869 0 44.341 13.261 85.574 35.841 120.27l-88.441-0.768c-0.053 0-0.102 0-0.154 0-0.275 0-0.494 0.136-0.75 0.154-1.69 0.069-3.347 0.411-4.966 0.99-0.41 0.154-0.835 0.24-1.227 0.426-0.205 0.086-0.411 0.102-0.614 0.205l-103.46 51.080c-0.018 0-0.034 0-0.034 0.016l-60.589 29.137c-0.666 0.29-1.348 0.682-2.014 1.126-24.15 16.075-32.376 47.65-19.148 73.454 7.048 13.722 19.046 23.827 33.792 28.451 5.684 1.773 11.486 2.645 17.254 2.645 9.268 0 18.45-2.269 26.862-6.757l44.409-23.621 72.449-37.411 43.419-0.256-174.135 173.299c-0.016 0.018-0.034 0.018-0.052 0.034l-42.839 42.667c-10.12 10.070-15.684 23.432-15.684 37.685 0 14.234 5.564 27.63 15.684 37.718 10.394 10.342 24.064 15.531 37.735 15.531 13.688 0 27.34-5.189 37.769-15.531l42.053-41.883 55.707-41.592 28.827 28.706-56.374 56.134c-0.016 0.018-0.034 0.018-0.051 0.034l-42.839 42.666c-10.12 10.070-15.684 23.434-15.684 37.685 0 14.235 5.564 27.63 15.684 37.72 10.394 10.341 24.082 15.53 37.753 15.53s27.358-5.189 37.768-15.53l111.413-110.934c0.018-0.018 0.018-0.034 0.034-0.053l32.309-32-0.12-0.12c0.203-0.203 0.494-0.274 0.699-0.494l165.312-181.062 111.072 15.805c0.802 0.12 1.603 0.17 2.405 0.17 2.067 0 4.062-0.494 5.99-1.229 0.565-0.203 1.058-0.477 1.589-0.749 0.614-0.309 1.261-0.478 1.843-0.87l102.829-68.267c0.376-0.256 0.579-0.666 0.938-0.938 0.41-0.325 0.922-0.461 1.296-0.821l40.686-38.11c21.17-19.836 24.089-52.331 6.782-75.576zM68.173 568.645c-5.546 2.97-11.844 3.566-17.868 1.656-5.974-1.859-10.82-5.941-13.654-11.453-5.154-10.035-2.168-22.256 6.86-28.859l42.037-20.225 14.37 42.002-31.744 16.88zM180.081 510.158l-49.545 25.6-14.044-41.064 64.855-32.019-1.265 47.483zM663.262 298.304c0 29.389-7.014 57.107-19.166 81.904l-133.805-60.776c-1.4-18.346-10.922-34.406-25.224-44.408l46.848-155.531c76.086 24.202 131.347 95.183 131.347 178.81zM286.016 298.304c0-103.512 84.618-187.737 188.622-187.737 8.091 0 16.008 0.682 23.843 1.672l-45.825 152.119c-0.613-0.019-1.194-0.189-1.826-0.189-33.043 0-59.923 26.795-59.923 59.734s26.88 59.736 59.923 59.736c22.221 0 41.421-12.27 51.781-30.227l123.598 56.152c-34.39 46.285-89.432 76.477-151.572 76.477-104.003 0-188.621-84.225-188.621-187.737zM476.619 323.904c0 14.115-11.573 25.601-25.789 25.601s-25.789-11.486-25.789-25.601c0-14.114 11.573-25.6 25.789-25.6s25.789 11.486 25.789 25.6zM78.875 804.681c-7.56 7.491-19.798 7.475-27.34 0.018-3.636-3.637-5.632-8.43-5.632-13.534 0-5.086 1.996-9.882 5.632-13.482l30.786-30.672 27.239 27.121-30.685 30.549zM181.719 924.15c-7.56 7.493-19.814 7.51-27.358 0.019-3.637-3.637-5.633-8.43-5.633-13.534 0-5.086 1.997-9.883 5.633-13.483l30.806-30.686 27.256 27.121-30.704 30.563zM293.132 813.147c-0.018 0.016-0.034 0.016-0.051 0.034l-56.475 56.321-27.256-27.121 56.422-56.166c0 0 0 0 0-0.016 0.018-0.018 0.034-0.018 0.051-0.034 1.28-1.28 2.083-2.816 2.869-4.334 0.222-0.443 0.648-0.819 0.837-1.28 0.53-1.314 0.613-2.73 0.819-4.114 0.102-0.787 0.445-1.518 0.445-2.323 0-1.144-0.411-2.251-0.648-3.379-0.205-1.024-0.205-2.066-0.598-3.054-0.648-1.603-1.758-3.019-2.918-4.403-0.323-0.376-0.443-0.854-0.802-1.213 0 0 0 0-0.018 0-0.019-0.016-0.019-0.053-0.035-0.067l-51.422-51.201c-0.546-0.546-1.246-0.768-1.861-1.227-0.903-0.701-1.773-1.349-2.781-1.845-0.973-0.478-1.963-0.768-2.987-1.042-1.091-0.309-2.149-0.547-3.293-0.632-1.043-0.069-2.014 0.034-3.054 0.154-1.144 0.136-2.218 0.29-3.328 0.648-1.077 0.342-2.030 0.87-3.021 1.434-0.632 0.358-1.347 0.478-1.946 0.922l-56.747 42.361-28.826-28.707 76.767-76.357 139.54 137.236-29.683 29.406zM511.333 588.613c-0.493-0.067-0.955 0.12-1.45 0.086-1.246-0.067-2.44 0.018-3.685 0.222-0.973 0.17-1.894 0.358-2.817 0.682-1.091 0.376-2.082 0.888-3.090 1.502-0.955 0.579-1.826 1.194-2.662 1.962-0.41 0.358-0.904 0.53-1.28 0.938l-150.344 164.664-138.499-136.212 90.661-90.182c6.674-6.656 6.707-17.459 0.051-24.15-3.362-3.362-7.782-5.018-12.202-5v-0.016l-71 0.427 0.888-51.44 99.329 0.854c40.483 41.405 96.941 67.227 159.405 67.227 13.995 0 27.649-1.45 40.942-3.926 1.28 1.024 2.542 2.067 4.149 2.715l77.109 30.72 4.88 24.269 5.701 28.33-96.086-13.67zM640.65 594.314l-10.018-49.853 46.285-34.561 30.294 40.21-66.561 44.205zM760.766 503.722l-26.813 25.123-29.798-39.562 26.606-20.394c4.965-3.822 11.23-5.376 17.374-4.574 6.178 0.87 11.64 4.096 15.36 9.096 6.93 9.336 5.752 22.358-2.73 30.31z",
          "M435.269 593.409l-68.576-68.267c-6.638-6.638-17.426-6.638-24.082 0l-68.558 68.267c-3.208 3.226-5.018 7.56-5.018 12.099 0 4.541 1.792 8.893 5.018 12.101l68.558 68.267c3.328 3.31 7.698 4.966 12.050 4.966s8.72-1.656 12.032-4.966l68.576-68.267c3.208-3.208 5.034-7.56 5.034-12.101 0-4.539-1.81-8.891-5.034-12.099zM354.661 649.696l-44.374-44.187 44.374-44.186 44.39 44.186-44.39 44.187z",
          "M549.255 162.265l-8.243 33.144c2.269 0.565 55.605 14.457 55.605 68.763h34.134c-0.003-64.549-53.301-94.893-81.496-101.907z",
          "M630.752 298.304h-34.134v34.134h34.134v-34.134z"
        ],
        "attrs": [
          {
            "fill": "rgb(33, 150, 243)"
          },
          {
            "fill": "rgb(33, 150, 243)"
          },
          {
            "fill": "rgb(33, 150, 243)"
          },
          {
            "fill": "rgb(33, 150, 243)"
          },
          {
            "fill": "rgb(33, 150, 243)"
          },
          {
            "fill": "rgb(33, 150, 243)"
          },
          {
            "fill": "rgb(33, 150, 243)"
          },
          {
            "fill": "rgb(33, 150, 243)"
          },
          {
            "fill": "rgb(33, 150, 243)"
          },
          {
            "fill": "rgb(33, 150, 243)"
          },
          {
            "fill": "rgb(33, 150, 243)"
          },
          {
            "fill": "rgb(33, 150, 243)"
          },
          {
            "fill": "rgb(33, 150, 243)"
          },
          {
            "fill": "rgb(33, 150, 243)"
          },
          {
            "fill": "rgb(33, 150, 243)"
          },
          {
            "fill": "rgb(33, 150, 243)"
          },
          {
            "fill": "rgb(33, 150, 243)"
          },
          {
            "fill": "rgb(33, 33, 33)"
          },
          {
            "fill": "rgb(33, 33, 33)"
          },
          {
            "fill": "rgb(33, 33, 33)"
          },
          {
            "fill": "rgb(33, 33, 33)"
          }
        ],
        "isMulticolor": true,
        "isMulticolor2": false,
        "grid": 0,
        "tags": [
          "astronaut"
        ],
        "colorPermutations": {
          "11171171171175177184125525525513315024313333331": [
            {
              "f": 3
            },
            {
              "f": 3
            },
            {
              "f": 3
            },
            {
              "f": 3
            },
            {
              "f": 3
            },
            {
              "f": 3
            },
            {
              "f": 3
            },
            {
              "f": 3
            },
            {
              "f": 3
            },
            {
              "f": 3
            },
            {
              "f": 3
            },
            {
              "f": 3
            },
            {
              "f": 3
            },
            {
              "f": 3
            },
            {
              "f": 3
            },
            {
              "f": 3
            },
            {
              "f": 3
            },
            {
              "f": 1
            },
            {
              "f": 1
            },
            {
              "f": 1
            },
            {
              "f": 1
            }
          ]
        }
      },
      "attrs": [
        {
          "fill": "rgb(33, 150, 243)"
        },
        {
          "fill": "rgb(33, 150, 243)"
        },
        {
          "fill": "rgb(33, 150, 243)"
        },
        {
          "fill": "rgb(33, 150, 243)"
        },
        {
          "fill": "rgb(33, 150, 243)"
        },
        {
          "fill": "rgb(33, 150, 243)"
        },
        {
          "fill": "rgb(33, 150, 243)"
        },
        {
          "fill": "rgb(33, 150, 243)"
        },
        {
          "fill": "rgb(33, 150, 243)"
        },
        {
          "fill": "rgb(33, 150, 243)"
        },
        {
          "fill": "rgb(33, 150, 243)"
        },
        {
          "fill": "rgb(33, 150, 243)"
        },
        {
          "fill": "rgb(33, 150, 243)"
        },
        {
          "fill": "rgb(33, 150, 243)"
        },
        {
          "fill": "rgb(33, 150, 243)"
        },
        {
          "fill": "rgb(33, 150, 243)"
        },
        {
          "fill": "rgb(33, 150, 243)"
        },
        {
          "fill": "rgb(33, 33, 33)"
        },
        {
          "fill": "rgb(33, 33, 33)"
        },
        {
          "fill": "rgb(33, 33, 33)"
        },
        {
          "fill": "rgb(33, 33, 33)"
        }
      ],
      "properties": {
        "order": 45,
        "id": 15,
        "name": "astronaut",
        "prevSize": 32
      },
      "setIdx": 2,
      "setId": 4,
      "iconIdx": 1
    },
    {
      "icon": {
        "paths": [
          "M122.88 0l149.66 141.68h417.481v395.22l149.66 141.681v-678.58h-716.8z",
          "M0 135.71v659.195h696.32v-262.025l-419.367-397.006-276.953-0.163zM563.673 698.481h-453.489v-443.343h32.056v413.323h421.433v30.020z",
          "M200.52 917.17l16.75-34.501h14l-24.4 46v26.8h-12.7v-26.8l-24.45-46h14.050l16.75 34.501zM272.421 938.521h-28.201l-5.9 16.949h-13.15l27.501-72.8h11.35l27.55 72.8h-13.199l-5.949-16.949zM247.769 928.319h21.101l-10.549-30.2-10.551 30.2zM322.269 935.819c0-3.367 0.918-6.449 2.75-9.249 1.833-2.834 5.45-6.183 10.85-10.050-2.832-3.568-4.817-6.601-5.949-9.101-1.1-2.501-1.651-4.917-1.651-7.25 0-5.7 1.733-10.199 5.2-13.5 3.467-3.332 8.135-4.999 14-4.999 5.3 0 9.634 1.567 13.001 4.7 3.4 3.101 5.1 6.949 5.1 11.551 0 3.033-0.766 5.833-2.3 8.399-1.534 2.533-4.051 5.067-7.551 7.6l-4.95 3.6 14.051 16.599c2.034-4 3.049-8.45 3.049-13.349h10.549c0 8.966-2.099 16.316-6.3 22.049l10.701 12.65h-14.1l-4.1-4.85c-5.2 3.899-11.399 5.849-18.6 5.849s-12.966-1.898-17.299-5.7c-4.301-3.834-6.451-8.817-6.451-14.95zM346.37 946.77c4.1 0 7.934-1.366 11.5-4.1l-15.899-18.749-1.55 1.1c-4 3.033-6.001 6.5-6.001 10.4 0 3.367 1.083 6.101 3.25 8.2s5.067 3.15 8.7 3.15zM339.669 899.871c0 2.8 1.718 6.316 5.151 10.549l5.55-3.799 1.55-1.251c2.066-1.833 3.101-4.182 3.101-7.049 0-1.901-0.717-3.516-2.15-4.85-1.434-1.368-3.25-2.050-5.45-2.050-2.367 0-4.252 0.799-5.65 2.4-1.401 1.599-2.101 3.615-2.101 6.050zM471.921 931.77c-0.733 7.766-3.6 13.832-8.602 18.201-4.999 4.332-11.649 6.498-19.95 6.498-5.8 0-10.916-1.366-15.35-4.1-4.399-2.765-7.799-6.683-10.199-11.749s-3.652-10.951-3.75-17.65v-6.799c0-6.867 1.217-12.917 3.65-18.151 2.433-5.233 5.917-9.265 10.449-12.1 4.567-2.832 9.834-4.25 15.8-4.25 8.034 0 14.5 2.183 19.401 6.55 4.899 4.366 7.75 10.533 8.55 18.5h-12.601c-0.6-5.233-2.132-8.999-4.6-11.299-2.433-2.335-6.017-3.5-10.75-3.5-5.499 0-9.732 2.017-12.7 6.050-2.933 4-4.434 9.884-4.499 17.65v6.449c0 7.868 1.399 13.867 4.2 18.002 2.832 4.133 6.965 6.199 12.399 6.199 4.966 0 8.7-1.116 11.201-3.351 2.501-2.232 4.084-5.949 4.749-11.149h12.601zM541.37 920.969c0 7.133-1.233 13.4-3.701 18.801-2.466 5.368-6.001 9.501-10.6 12.401-4.565 2.865-9.832 4.299-15.798 4.299-5.9 0-11.168-1.434-15.8-4.299-4.6-2.9-8.167-7.016-10.701-12.351-2.501-5.333-3.766-11.483-3.799-18.448v-4.1c0-7.1 1.249-13.367 3.75-18.801 2.533-5.433 6.083-9.583 10.65-12.45 4.6-2.9 9.867-4.35 15.8-4.35s11.182 1.434 15.749 4.301c4.6 2.832 8.151 6.932 10.65 12.298 2.501 5.335 3.768 11.551 3.801 18.651v4.049zM528.72 917.17c0-8.067-1.534-14.25-4.6-18.551-3.033-4.299-7.35-6.449-12.95-6.449-5.468 0-9.751 2.15-12.851 6.449-3.066 4.268-4.633 10.318-4.7 18.151v4.198c0 8.002 1.55 14.184 4.651 18.551 3.133 4.366 7.467 6.55 13.001 6.55 5.599 0 9.9-2.132 12.898-6.4 3.035-4.266 4.551-10.5 4.551-18.7v-3.799z"
        ],
        "attrs": [
          {
            "fill": "rgb(175, 177, 184)"
          },
          {
            "fill": "rgb(175, 177, 184)"
          },
          {
            "fill": "rgb(175, 177, 184)"
          }
        ],
        "width": 922,
        "isMulticolor": false,
        "isMulticolor2": false,
        "grid": 0,
        "tags": [
          "client1"
        ],
        "colorPermutations": {
          "11171171171175177184125525525513315024313333331": [
            {
              "f": 4
            },
            {
              "f": 4
            },
            {
              "f": 4
            }
          ]
        }
      },
      "attrs": [
        {
          "fill": "rgb(175, 177, 184)"
        },
        {
          "fill": "rgb(175, 177, 184)"
        },
        {
          "fill": "rgb(175, 177, 184)"
        }
      ],
      "properties": {
        "order": 46,
        "id": 14,
        "name": "client1",
        "prevSize": 32
      },
      "setIdx": 2,
      "setId": 4,
      "iconIdx": 2
    },
    {
      "icon": {
        "paths": [
          "M334.314 57.787h2.69c4.982 0 10.362 0.501 15.693 0.952 23.485 1.656 46.807 5.173 69.742 10.516v-56.385c-23.617-5.925-47.703-9.763-71.985-11.467-9.216-0.701-19.029-1.152-29.091-1.402h-8.418c-48.736 0.183-97.262 6.44-144.468 18.628-53.765 13.409-105.371 34.398-153.284 62.344v559.197c46.134-25.066 95.223-44.195 146.111-56.936 40.179-10.252 81.255-16.557 122.646-18.828h1.644c6.926-0.351 13.85-0.551 20.972-0.603v-57.285c-53.784 0.691-107.296 7.802-159.411 21.181-19.279 5.008-37.91 10.415-55.396 16.425l-19.926 6.76v-436.011l8.518-4.106c65.009-30.827 135.32-48.764 207.085-52.83 0.597-0.044 1.197-0.044 1.794 0 7.92-0.401 15.892-0.601 23.713-0.601h8.966c4.135 0.1 8.269 0.2 12.404 0.451z",
          "M474.797 116.826c-13.101 0-26.055-0.451-38.558-1.402-14.944-1.102-30.289-2.904-44.835-5.358-8.867-1.502-17.585-3.305-26.053-5.258v552.787c35.854 8.877 72.671 13.217 109.596 12.92 48.733-0.199 97.254-6.437 144.467-18.58 53.774-13.426 105.395-34.414 153.334-62.344v-549.231c-46.129 25.053-95.199 44.197-146.062 56.986-49.64 12.75-100.655 19.292-151.889 19.48zM695.832 126.391l19.927-6.71v436.16l-8.519 4.106c-32.675 15.547-66.8 27.808-101.874 36.606-42.596 11.020-86.386 16.689-130.369 16.874-13.151 0-26.203-0.549-38.857-1.652l-13.649-1.201v-448.529l15.892 1.052c11.557 0.751 23.513 1.102 36.513 1.102 55.84-0.198 111.441-7.33 165.539-21.232 18.582-4.907 37.063-10.416 55.396-16.575z",
          "M53.903 831.26c-2.865-2.972-6.318-5.305-10.137-6.849s-7.917-2.265-12.031-2.115c-4.384-0.059-8.736 0.758-12.803 2.404-3.729 1.485-7.119 3.716-9.963 6.56-2.813 2.851-5.002 6.262-6.426 10.016-1.562 3.933-2.34 8.135-2.292 12.369v74.713c-0.178 5.264 0.826 10.502 2.939 15.323 1.764 3.828 4.31 7.241 7.472 10.016 2.986 2.515 6.491 4.326 10.262 5.309 3.633 1.020 7.387 1.542 11.159 1.552 4.161 0.041 8.279-0.849 12.055-2.603 3.734-1.634 7.118-3.982 9.963-6.912 2.774-2.903 4.987-6.298 6.526-10.016 1.597-3.767 2.41-7.822 2.391-11.918v-8.361h-19.528v6.66c0.058 2.274-0.331 4.537-1.146 6.66-0.636 1.589-1.604 3.025-2.839 4.206-1.21 0.977-2.597 1.709-4.085 2.152-1.319 0.439-2.696 0.675-4.085 0.701-1.744 0.203-3.509-0.059-5.119-0.764-1.609-0.703-3.006-1.822-4.047-3.241-1.841-3.003-2.743-6.491-2.59-10.016v-69.656c-0.121-3.862 0.7-7.696 2.391-11.166 1.014-1.577 2.448-2.836 4.139-3.633s3.571-1.101 5.425-0.874c1.683-0.059 3.356 0.291 4.874 1.024s2.837 1.825 3.844 3.182c2.185 2.869 3.328 6.404 3.238 10.016v6.459h19.329v-7.611c0.039-4.47-0.773-8.907-2.391-13.070-1.443-3.915-3.663-7.493-6.526-10.516z",
          "M169.923 830.407c-6.227-5.258-14.086-8.162-22.218-8.212-3.977 0.016-7.922 0.729-11.657 2.103-3.792 1.359-7.292 3.432-10.312 6.109-3.235 2.909-5.817 6.477-7.572 10.466-1.967 4.563-2.936 9.5-2.839 14.472v71.658c-0.135 5.041 0.835 10.049 2.839 14.673 1.767 3.852 4.352 7.27 7.572 10.014 2.985 2.773 6.491 4.917 10.312 6.311 3.735 1.375 7.68 2.085 11.657 2.103 3.978-0.008 7.924-0.721 11.657-2.103 3.886-1.414 7.47-3.554 10.561-6.311 3.115-2.794 5.625-6.203 7.373-10.014 2.005-4.624 2.974-9.632 2.839-14.673v-71.658c0.096-4.972-0.872-9.909-2.839-14.472-1.738-3.948-4.245-7.507-7.373-10.466zM160.807 927.004c0.165 1.91-0.099 3.832-0.772 5.626s-1.737 3.413-3.114 4.74c-2.579 2.162-5.832 3.348-9.191 3.348s-6.612-1.185-9.191-3.348c-1.377-1.327-2.442-2.946-3.114-4.74s-0.936-3.716-0.772-5.626v-71.658c-0.164-1.91 0.099-3.832 0.772-5.626s1.737-3.415 3.114-4.74c2.579-2.162 5.832-3.348 9.191-3.348s6.612 1.185 9.191 3.348c1.377 1.325 2.442 2.946 3.114 4.74s0.936 3.716 0.772 5.626v71.658z",
          "M322.31 959.004v-135.654h-18.781l-24.659 71.808h-0.349l-24.86-71.808h-18.582v135.654h19.379v-82.525h0.349l18.979 58.338h9.665l19.129-58.338h0.349v82.525h19.379z",
          "M432.402 832.861c-2.983-3.348-6.751-5.896-10.959-7.412-4.535-1.475-9.283-2.186-14.048-2.103h-28.794v135.656h19.33v-52.98h9.962c6.032 0.274 12.032-1.002 17.436-3.706 4.395-2.44 8.058-6.020 10.61-10.366 2.237-3.608 3.744-7.625 4.435-11.817 0.76-5.104 1.111-10.264 1.046-15.423 0.187-6.514-0.449-13.026-1.892-19.379-1.29-4.695-3.74-8.986-7.125-12.469zM422.439 874.222c-0.085 2.456-0.695 4.866-1.794 7.062-1.105 2.085-2.851 3.755-4.982 4.756-2.863 1.282-5.986 1.865-9.116 1.703h-8.818v-46.119h9.964c2.999-0.148 5.99 0.437 8.718 1.701 1.999 1.148 3.586 2.901 4.533 5.008 1.056 2.383 1.632 4.955 1.694 7.562 0 2.855 0 5.858 0 9.013s0.199 6.41 0 9.314h-0.199z",
          "M523.967 823.349h-15.842l-29.889 135.654h19.328l5.679-29.145h26.352l5.679 29.145h19.33l-30.637-135.654zM506.132 911.382l9.515-49.174h0.349l9.466 49.174h-19.33z",
          "M648.854 905.072h-0.349l-29.194-81.723h-18.58v135.654h19.328v-81.573h0.398l29.542 81.573h18.182v-135.654h-19.328v81.723z",
          "M766.968 823.349l-15.543 53.931h-0.398l-15.543-53.931h-20.474l26.551 78.318v57.336h19.33v-57.336l26.551-78.318h-20.474z",
          "M0 997.307h9.316v26.14h6.327v-26.14h9.266v-5.358h-24.908v5.358z",
          "M78.311 991.949l-12.205 31.498h6.725l2.59-7.16h12.554l2.69 7.16h6.875l-12.504-31.498h-6.725zM77.314 1010.977l4.284-11.668 4.284 11.668h-8.568z",
          "M155.725 1011.832h7.273v4.057c-2.124 1.703-4.756 2.637-7.472 2.655-1.27 0.071-2.539-0.165-3.701-0.687-1.161-0.524-2.181-1.317-2.975-2.318-1.67-2.399-2.494-5.289-2.341-8.212 0-7.010 3.039-10.516 9.067-10.516 1.587-0.16 3.177 0.26 4.484 1.178s2.243 2.276 2.64 3.828l6.227-1.201c-1.345-6.16-5.779-9.263-13.351-9.263-4.050-0.108-7.988 1.343-11.009 4.057-1.587 1.566-2.815 3.462-3.598 5.555s-1.102 4.332-0.936 6.561c-0.184 4.311 1.258 8.531 4.035 11.819 1.543 1.591 3.411 2.826 5.475 3.621s4.275 1.13 6.481 0.985c4.928 0.138 9.716-1.658 13.351-5.008v-12.418h-13.65v5.307z",
          "M234.785 991.949h-6.376v31.498h22.067v-5.358h-15.691v-26.14z",
          "M301.637 991.949h-6.376v31.498h6.376v-31.498z",
          "M366.994 1012.982l-12.902-21.033h-6.177v31.498h5.927v-20.58l12.654 20.58h6.325v-31.498h-5.827v21.033z",
          "M426.079 1009.575h15.693v-5.358h-15.693v-6.91h16.888v-5.358h-23.264v31.498h23.912v-5.358h-17.536v-8.513z",
          "M569.346 1004.369h-12.404v-12.42h-6.327v31.498h6.327v-13.771h12.404v13.771h6.327v-31.498h-6.327v12.42z",
          "M628.779 1009.575h15.742v-5.358h-15.742v-6.91h16.937v-5.358h-23.264v31.498h23.861v-5.358h-17.534v-8.513z",
          "M709.382 1009.577c5.478-0.851 8.269-3.755 8.269-8.763 0.16-1.339-0.043-2.698-0.587-3.931-0.544-1.235-1.408-2.298-2.503-3.080-2.851-1.434-6.034-2.072-9.216-1.853h-13.349v31.498h6.327v-13.17h1.245c1.349-0.083 2.698 0.158 3.935 0.701 0.926 0.571 1.696 1.361 2.243 2.304l6.875 10.016h7.572l-3.836-6.16c-1.696-3.040-4.086-5.632-6.973-7.562zM703.004 1005.221h-4.681v-7.912h4.98c2.17-0.175 4.354 0.079 6.428 0.75 0.461 0.408 0.823 0.914 1.063 1.481s0.349 1.182 0.321 1.798c-0.030 0.614-0.195 1.217-0.486 1.759s-0.701 1.012-1.197 1.373c-2.080 0.638-4.257 0.892-6.428 0.752z",
          "M770.154 1009.575h15.693v-5.358h-15.693v-6.91h16.939v-5.358h-23.316v31.498h23.912v-5.358h-17.536v-8.513z"
        ],
        "attrs": [
          {
            "fill": "rgb(175, 177, 184)"
          },
          {
            "fill": "rgb(175, 177, 184)"
          },
          {
            "fill": "rgb(175, 177, 184)"
          },
          {
            "fill": "rgb(175, 177, 184)"
          },
          {
            "fill": "rgb(175, 177, 184)"
          },
          {
            "fill": "rgb(175, 177, 184)"
          },
          {
            "fill": "rgb(175, 177, 184)"
          },
          {
            "fill": "rgb(175, 177, 184)"
          },
          {
            "fill": "rgb(175, 177, 184)"
          },
          {
            "fill": "rgb(175, 177, 184)"
          },
          {
            "fill": "rgb(175, 177, 184)"
          },
          {
            "fill": "rgb(175, 177, 184)"
          },
          {
            "fill": "rgb(175, 177, 184)"
          },
          {
            "fill": "rgb(175, 177, 184)"
          },
          {
            "fill": "rgb(175, 177, 184)"
          },
          {
            "fill": "rgb(175, 177, 184)"
          },
          {
            "fill": "rgb(175, 177, 184)"
          },
          {
            "fill": "rgb(175, 177, 184)"
          },
          {
            "fill": "rgb(175, 177, 184)"
          },
          {
            "fill": "rgb(175, 177, 184)"
          }
        ],
        "width": 788,
        "isMulticolor": false,
        "isMulticolor2": false,
        "grid": 0,
        "tags": [
          "client2"
        ],
        "colorPermutations": {
          "11171171171175177184125525525513315024313333331": [
            {
              "f": 4
            },
            {
              "f": 4
            },
            {
              "f": 4
            },
            {
              "f": 4
            },
            {
              "f": 4
            },
            {
              "f": 4
            },
            {
              "f": 4
            },
            {
              "f": 4
            },
            {
              "f": 4
            },
            {
              "f": 4
            },
            {
              "f": 4
            },
            {
              "f": 4
            },
            {
              "f": 4
            },
            {
              "f": 4
            },
            {
              "f": 4
            },
            {
              "f": 4
            },
            {
              "f": 4
            },
            {
              "f": 4
            },
            {
              "f": 4
            },
            {
              "f": 4
            }
          ]
        }
      },
      "attrs": [
        {
          "fill": "rgb(175, 177, 184)"
        },
        {
          "fill": "rgb(175, 177, 184)"
        },
        {
          "fill": "rgb(175, 177, 184)"
        },
        {
          "fill": "rgb(175, 177, 184)"
        },
        {
          "fill": "rgb(175, 177, 184)"
        },
        {
          "fill": "rgb(175, 177, 184)"
        },
        {
          "fill": "rgb(175, 177, 184)"
        },
        {
          "fill": "rgb(175, 177, 184)"
        },
        {
          "fill": "rgb(175, 177, 184)"
        },
        {
          "fill": "rgb(175, 177, 184)"
        },
        {
          "fill": "rgb(175, 177, 184)"
        },
        {
          "fill": "rgb(175, 177, 184)"
        },
        {
          "fill": "rgb(175, 177, 184)"
        },
        {
          "fill": "rgb(175, 177, 184)"
        },
        {
          "fill": "rgb(175, 177, 184)"
        },
        {
          "fill": "rgb(175, 177, 184)"
        },
        {
          "fill": "rgb(175, 177, 184)"
        },
        {
          "fill": "rgb(175, 177, 184)"
        },
        {
          "fill": "rgb(175, 177, 184)"
        },
        {
          "fill": "rgb(175, 177, 184)"
        }
      ],
      "properties": {
        "order": 47,
        "id": 13,
        "name": "client2",
        "prevSize": 32
      },
      "setIdx": 2,
      "setId": 4,
      "iconIdx": 3
    },
    {
      "icon": {
        "paths": [
          "M151.109 995.295c0.358 0.010 0.71 0.086 1.036 0.226s0.619 0.341 0.863 0.591l4.9 5.137c-3.804 4.156-8.505 7.482-13.782 9.747-6.18 2.472-12.84 3.665-19.54 3.501-6.296 0.124-12.551-0.988-18.376-3.267-5.254-2.093-9.975-5.239-13.843-9.223-3.947-4.132-6.988-8.973-8.943-14.241-2.141-5.873-3.198-12.052-3.124-18.268-0.087-6.256 1.056-12.474 3.369-18.327 2.14-5.301 5.367-10.142 9.494-14.243 4.183-4.017 9.186-7.175 14.701-9.28 6.033-2.227 12.457-3.336 18.927-3.267 6.010-0.141 11.988 0.874 17.58 2.977 4.851 2.005 9.306 4.789 13.169 8.23l-4.104 5.487c-0.283 0.386-0.636 0.722-1.041 0.991-0.484 0.317-1.069 0.462-1.654 0.41-0.636-0.043-1.249-0.243-1.776-0.583l-2.205-1.46-3.063-1.867c-1.322-0.693-2.693-1.298-4.104-1.81-1.817-0.619-3.68-1.107-5.574-1.46-2.404-0.422-4.845-0.617-7.289-0.583-4.659-0.055-9.282 0.779-13.598 2.45-4.025 1.55-7.658 3.898-10.658 6.889-3.054 3.179-5.408 6.911-6.922 10.971-1.725 4.646-2.575 9.547-2.511 14.477-0.073 5.003 0.777 9.983 2.511 14.707 1.495 4.027 3.805 7.735 6.799 10.914 2.806 2.965 6.283 5.28 10.168 6.77 3.998 1.581 8.29 2.374 12.618 2.336 2.5 0.036 4.999-0.119 7.473-0.467 4.039-0.472 7.914-1.807 11.332-3.91 1.715-1.079 3.333-2.289 4.839-3.62 0.63-0.572 1.458-0.905 2.328-0.934z",
          "M292.604 969.485c0.076 6.194-1.045 12.345-3.308 18.151-1.996 5.265-5.141 10.069-9.226 14.093-4.086 4.025-9.021 7.178-14.479 9.252-11.993 4.358-25.25 4.358-37.241 0-5.423-2.108-10.325-5.268-14.394-9.28-4.083-4.096-7.251-8.94-9.31-14.238-4.412-11.757-4.412-24.605 0-36.362 2.089-5.301 5.253-10.159 9.31-14.298 4.104-3.886 9.004-6.925 14.394-8.928 11.977-4.437 25.265-4.437 37.241 0 5.441 2.105 10.364 5.265 14.455 9.278 4.034 4.058 7.178 8.84 9.249 14.065 2.269 5.846 3.391 12.038 3.308 18.268zM279.743 969.485c0.095-4.953-0.691-9.888-2.329-14.591-1.372-4.027-3.603-7.744-6.554-10.912-2.872-3.001-6.408-5.351-10.352-6.887-8.714-3.191-18.358-3.191-27.073 0-3.944 1.536-7.48 3.886-10.352 6.887-2.991 3.151-5.246 6.87-6.615 10.912-3.117 9.502-3.117 19.682 0 29.182 1.383 4.039 3.636 7.756 6.615 10.914 2.876 2.982 6.412 5.313 10.352 6.827 8.729 3.11 18.345 3.11 27.073 0 3.941-1.515 7.478-3.846 10.352-6.827 2.939-3.177 5.168-6.889 6.554-10.914 1.646-4.701 2.431-9.635 2.329-14.591z",
          "M389.139 984.783l1.286 3.267c0.491-1.167 0.919-2.217 1.407-3.267 0.469-1.098 1-2.169 1.593-3.21l31.301-54.21c0.612-0.934 1.162-1.517 1.777-1.693 0.831-0.241 1.703-0.341 2.572-0.291h9.249v88.174h-10.964v-64.833c0-0.817 0-1.75 0-2.741-0.060-1.012-0.060-2.024 0-3.036l-31.484 54.972c-0.4 0.822-1.041 1.519-1.843 2.005-0.805 0.486-1.738 0.743-2.689 0.736h-1.777c-0.955 0.014-1.891-0.238-2.696-0.726s-1.443-1.188-1.838-2.015l-32.401-55.322c0 1.050 0 2.103 0 3.153s0 1.984 0 2.801v64.831h-10.597v-87.997h9.249c0.869-0.050 1.741 0.050 2.572 0.291 0.76 0.36 1.365 0.957 1.715 1.693l31.975 54.27c0.629 1.003 1.162 2.058 1.593 3.151z",
          "M506.93 980.401v33.030h-12.25v-88.057h27.319c5.156-0.093 10.3 0.555 15.25 1.927 3.965 1.069 7.642 2.941 10.781 5.484 2.722 2.386 4.82 5.341 6.127 8.637 1.446 3.591 2.153 7.416 2.081 11.262 0.055 3.863-0.717 7.694-2.267 11.262-1.472 3.379-3.734 6.392-6.616 8.811-3.141 2.65-6.837 4.639-10.84 5.837-4.77 1.45-9.757 2.141-14.762 2.041l-14.824-0.233zM506.93 970.95h14.824c3.22 0.038 6.425-0.414 9.495-1.343 2.531-0.812 4.865-2.1 6.861-3.794 1.838-1.615 3.265-3.61 4.165-5.834 1.003-2.353 1.503-4.872 1.469-7.411 0.143-2.448-0.276-4.896-1.229-7.173-0.953-2.279-2.415-4.329-4.284-6.015-4.679-3.482-10.557-5.168-16.477-4.727h-14.824v36.297z",
          "M671.577 1013.55h-9.678c-0.972 0.033-1.924-0.255-2.696-0.819-0.695-0.548-1.241-1.248-1.593-2.041l-8.33-21.302h-41.834l-8.637 21.302c-0.317 0.779-0.845 1.462-1.531 1.984-0.779 0.598-1.757 0.907-2.758 0.876h-9.678l36.752-88.183h12.74l37.243 88.183zM610.937 980.809h34.547l-14.579-35.892c-1.114-2.698-2.036-5.468-2.758-8.287l-1.407 4.61c-0.429 1.403-0.919 2.686-1.348 3.736l-14.455 35.833z",
          "M724.499 925.777c0.733 0.383 1.362 0.922 1.838 1.576l53.596 66.472c0-1.053 0-2.103 0-3.093 0-0.993 0-1.984 0-2.92v-62.445h10.964v88.183h-6.125c-0.869 0.024-1.731-0.155-2.51-0.526-0.757-0.419-1.422-0.974-1.96-1.634l-53.536-66.412c0.060 1.010 0.060 2.022 0 3.034 0 0.993 0 1.867 0 2.684v62.855h-10.964v-88.183h6.494c0.757-0.019 1.51 0.119 2.203 0.41z",
          "M881.183 978.477v35.016h-12.252v-35.016l-33.873-53.105h10.964c0.945-0.055 1.879 0.214 2.634 0.757 0.667 0.567 1.226 1.238 1.655 1.984l21.194 34.259c0.857 1.457 1.591 2.801 2.205 4.084 0.612 1.284 1.103 2.51 1.531 3.736l1.591-3.794c0.595-1.388 1.291-2.734 2.084-4.027l20.887-34.492c0.438-0.688 0.974-1.317 1.593-1.867 0.726-0.605 1.669-0.919 2.634-0.874h11.085l-33.933 53.338z",
          "M383.076 777.39c5.33 0.641 10.719 1.167 16.17 1.634 82.649-35.226 152.566-92.879 201.014-165.752 48.447-72.875 73.276-157.736 71.38-243.981l-91.084-86.778c18.52 91.822 9.857 186.742-25.019 274.141-34.878 87.4-94.591 163.828-172.461 220.736z",
          "M350.553 773.353l2.448 0.467c83.213-56.706 146.653-135.892 182.122-227.318 35.469-91.424 41.329-190.886 16.829-285.52l-129.734-123.598c52.472 101.597 73.595 215.296 60.909 327.879-12.688 112.583-58.661 219.422-132.575 308.091z",
          "M790.533 471.185c-22.042 94.763-75.571 180.224-152.643 243.7-22.509 18.639-46.787 35.245-72.523 49.602 62.757-17.572 120.441-48.645 168.603-90.815 48.161-42.172 85.514-94.318 109.177-152.416l-52.615-50.071z",
          "M769.886 457.233l-74.912-71.373c-1.434 81.372-25.714 160.894-70.32 230.3-44.606 69.408-107.908 126.164-183.329 164.376h0.369c16.806-0.007 33.599-0.962 50.288-2.86 70.485-27.41 132.751-71.016 181.243-126.931 48.49-55.915 81.699-122.397 96.661-193.512z",
          "M361.393 85.261l-89.369-85.261c-79.892 29.413-148.602 81.121-197.138 148.355s-74.637 146.862-74.886 228.463v0c0.299 90.167 32.154 177.662 90.521 248.639s139.913 121.382 231.732 143.236c81.965-95.144 129.955-212.709 136.992-335.612 7.039-122.904-27.238-244.745-97.852-347.819z",
          "M976.372 444.106c-0.324-106.977-45.073-209.486-124.471-285.131s-186.992-118.278-299.277-118.586c-51.886-0.051-103.331 9.071-151.723 26.903l547.173 521.307c18.734-46.082 28.331-95.077 28.298-144.494z"
        ],
        "attrs": [
          {
            "fill": "rgb(175, 177, 184)"
          },
          {
            "fill": "rgb(175, 177, 184)"
          },
          {
            "fill": "rgb(175, 177, 184)"
          },
          {
            "fill": "rgb(175, 177, 184)"
          },
          {
            "fill": "rgb(175, 177, 184)"
          },
          {
            "fill": "rgb(175, 177, 184)"
          },
          {
            "fill": "rgb(175, 177, 184)"
          },
          {
            "fill": "rgb(175, 177, 184)"
          },
          {
            "fill": "rgb(175, 177, 184)"
          },
          {
            "fill": "rgb(175, 177, 184)"
          },
          {
            "fill": "rgb(175, 177, 184)"
          },
          {
            "fill": "rgb(175, 177, 184)"
          },
          {
            "fill": "rgb(175, 177, 184)"
          }
        ],
        "width": 976,
        "isMulticolor": false,
        "isMulticolor2": false,
        "grid": 0,
        "tags": [
          "client3"
        ],
        "colorPermutations": {
          "11171171171175177184125525525513315024313333331": [
            {
              "f": 4
            },
            {
              "f": 4
            },
            {
              "f": 4
            },
            {
              "f": 4
            },
            {
              "f": 4
            },
            {
              "f": 4
            },
            {
              "f": 4
            },
            {
              "f": 4
            },
            {
              "f": 4
            },
            {
              "f": 4
            },
            {
              "f": 4
            },
            {
              "f": 4
            },
            {
              "f": 4
            }
          ]
        }
      },
      "attrs": [
        {
          "fill": "rgb(175, 177, 184)"
        },
        {
          "fill": "rgb(175, 177, 184)"
        },
        {
          "fill": "rgb(175, 177, 184)"
        },
        {
          "fill": "rgb(175, 177, 184)"
        },
        {
          "fill": "rgb(175, 177, 184)"
        },
        {
          "fill": "rgb(175, 177, 184)"
        },
        {
          "fill": "rgb(175, 177, 184)"
        },
        {
          "fill": "rgb(175, 177, 184)"
        },
        {
          "fill": "rgb(175, 177, 184)"
        },
        {
          "fill": "rgb(175, 177, 184)"
        },
        {
          "fill": "rgb(175, 177, 184)"
        },
        {
          "fill": "rgb(175, 177, 184)"
        },
        {
          "fill": "rgb(175, 177, 184)"
        }
      ],
      "properties": {
        "order": 48,
        "id": 12,
        "name": "client3",
        "prevSize": 32
      },
      "setIdx": 2,
      "setId": 4,
      "iconIdx": 4
    },
    {
      "icon": {
        "paths": [
          "M295.341 305.547h-0.067c-53.874 0-97.547 42.558-97.547 95.058v0.062c0 52.5 43.673 95.061 97.547 95.061h0.067c53.874 0 97.547-42.56 97.547-95.061v-0.062c0-52.5-43.672-95.058-97.547-95.058z",
          "M1015.351 275.158c-0.152-72.92-29.941-142.812-82.846-194.38s-124.616-80.613-199.444-80.779v0c-74.85 0.132-146.596 29.163-199.53 80.735-52.931 51.571-82.737 121.482-82.892 194.424v402.115c0 0 564.648-61.285 564.712-402.053v-0.062z",
          "M0 809.253c0.136 50.738 20.874 99.361 57.684 135.244s86.698 56.11 138.763 56.258c52.054-0.148 101.933-20.366 138.739-56.234 36.809-35.871 57.554-84.478 57.708-135.206v-279.797c0 0-392.895 42.675-392.895 279.735zM196.447 859.384c-10.175 0-20.12-2.939-28.58-8.449-8.46-5.508-15.053-13.336-18.947-22.497s-4.912-19.239-2.927-28.965c1.985-9.726 6.884-18.658 14.079-25.669s16.361-11.786 26.34-13.719c9.979-1.934 20.322-0.941 29.722 2.853s17.434 10.219 23.088 18.463c5.651 8.244 8.668 17.937 8.668 27.853 0.026 6.599-1.286 13.138-3.86 19.242s-6.359 11.652-11.138 16.329c-4.779 4.675-10.459 8.383-16.713 10.914s-12.959 3.834-19.731 3.834v-0.188z",
          "M597.471 828.278h-40.186v41.512h-20.93v-101.581h66.138v16.953h-45.208v26.233h40.186v16.882zM698.075 821.303c0 9.999-1.767 18.768-5.301 26.303-3.536 7.535-8.606 13.348-15.21 17.441-6.558 4.094-14.093 6.139-22.604 6.139-8.418 0-15.932-2.024-22.535-6.070-6.606-4.046-11.721-9.814-15.348-17.301-3.629-7.535-5.465-16.186-5.513-25.955v-5.022c0-9.999 1.791-18.792 5.372-26.372 3.627-7.63 8.721-13.467 15.279-17.513 6.604-4.094 14.138-6.139 22.604-6.139s15.977 2.046 22.535 6.139c6.604 4.046 11.697 9.883 15.279 17.513 3.627 7.58 5.441 16.348 5.441 26.303v4.534zM676.866 816.697c0-10.65-1.907-18.744-5.72-24.278-3.815-5.534-9.256-8.302-16.327-8.302-7.023 0-12.44 2.743-16.255 8.232-3.815 5.441-5.744 13.441-5.792 24v4.953c0 10.371 1.907 18.418 5.722 24.14 3.813 5.72 9.302 8.58 16.465 8.58 7.023 0 12.419-2.743 16.186-8.232 3.767-5.534 5.672-13.581 5.72-24.14v-4.953zM765.959 843.14c0-3.953-1.395-6.977-4.186-9.071-2.791-2.138-7.813-4.372-15.069-6.696-7.256-2.372-13-4.698-17.232-6.977-11.535-6.232-17.303-14.629-17.303-25.186 0-5.489 1.536-10.373 4.606-14.653 3.115-4.325 7.559-7.697 13.324-10.116 5.815-2.417 12.326-3.627 19.537-3.627 7.254 0 13.719 1.326 19.394 3.977 5.675 2.605 10.071 6.301 13.186 11.093 3.162 4.791 4.744 10.233 4.744 16.327h-20.93c0-4.653-1.465-8.256-4.394-10.814-2.931-2.605-7.047-3.908-12.35-3.908-5.115 0-9.092 1.093-11.931 3.279-2.836 2.138-4.256 4.977-4.256 8.511 0 3.303 1.653 6.070 4.953 8.302 3.351 2.234 8.256 4.327 14.722 6.28 11.907 3.582 20.582 8.023 26.024 13.326 5.441 5.301 8.161 11.907 8.161 19.813 0 8.792-3.324 15.698-9.976 20.721-6.651 4.977-15.605 7.466-26.86 7.466-7.816 0-14.931-1.419-21.349-4.256-6.418-2.884-11.326-6.813-14.722-11.79-3.348-4.977-5.022-10.745-5.022-17.303h20.999c0 11.209 6.699 16.815 20.094 16.815 4.977 0 8.859-1 11.65-3.001 2.791-2.046 4.186-4.884 4.186-8.511zM877.656 785.163h-31.115v84.628h-20.93v-84.628h-30.699v-16.953h82.744v16.953zM950.772 825.768h-40.186v27.21h47.164v16.813h-68.094v-101.581h67.955v16.953h-47.025v24.209h40.186v16.396zM1007.633 832.605h-16.675v37.185h-20.93v-101.581h37.745c12 0 21.256 2.674 27.767 8.023 6.513 5.349 9.768 12.907 9.768 22.676 0 6.93-1.512 12.719-4.537 17.37-2.977 4.606-7.511 8.28-13.603 11.023l21.976 41.512v0.976h-22.466l-19.046-37.185zM990.958 815.652h16.884c5.256 0 9.326-1.326 12.209-3.977 2.884-2.698 4.327-6.396 4.327-11.093 0-4.791-1.372-8.559-4.117-11.302-2.698-2.746-6.861-4.117-12.488-4.117h-16.815v30.489zM1117.796 834v35.79h-20.93v-101.581h39.629c7.628 0 14.324 1.395 20.092 4.186 5.815 2.791 10.28 6.768 13.395 11.928 3.117 5.118 4.675 10.954 4.675 17.513 0 9.954-3.417 17.813-10.254 23.581-6.792 5.722-16.21 8.583-28.258 8.583h-18.349zM1117.796 817.047h18.699c5.534 0 9.745-1.303 12.629-3.908 2.929-2.605 4.394-6.325 4.394-11.162 0-4.977-1.465-9.002-4.394-12.071-2.931-3.070-6.977-4.651-12.14-4.744h-19.187v31.885zM1250.216 825.768h-40.186v27.21h47.161v16.813h-68.091v-101.581h67.953v16.953h-47.023v24.209h40.186v16.396zM1347.332 785.163h-31.115v84.628h-20.932v-84.628h-30.696v-16.953h82.744v16.953zM1420.448 825.768h-40.186v27.21h47.164v16.813h-68.094v-101.581h67.953v16.953h-47.023v24.209h40.186v16.396zM1477.308 832.605h-16.675v37.185h-20.93v-101.581h37.745c12 0 21.254 2.674 27.767 8.023 6.511 5.349 9.766 12.907 9.766 22.676 0 6.93-1.51 12.719-4.534 17.37-2.977 4.606-7.511 8.28-13.605 11.023l21.978 41.512v0.976h-22.466l-19.046-37.185zM1460.634 815.652h16.884c5.256 0 9.326-1.326 12.209-3.977 2.884-2.698 4.325-6.396 4.325-11.093 0-4.791-1.372-8.559-4.115-11.302-2.698-2.746-6.861-4.117-12.488-4.117h-16.815v30.489zM1583.633 843.14c0-3.953-1.393-6.977-4.184-9.071-2.791-2.138-7.816-4.372-15.069-6.696-7.256-2.372-13-4.698-17.234-6.977-11.535-6.232-17.301-14.629-17.301-25.186 0-5.489 1.534-10.373 4.603-14.653 3.117-4.325 7.559-7.697 13.326-10.116 5.813-2.417 12.326-3.627 19.535-3.627 7.256 0 13.722 1.326 19.396 3.977 5.672 2.605 10.069 6.301 13.186 11.093 3.162 4.791 4.744 10.233 4.744 16.327h-20.93c0-4.653-1.465-8.256-4.396-10.814-2.929-2.605-7.047-3.908-12.35-3.908-5.115 0-9.092 1.093-11.928 3.279-2.839 2.138-4.256 4.977-4.256 8.511 0 3.303 1.65 6.070 4.953 8.302 3.348 2.234 8.254 4.327 14.719 6.28 11.907 3.582 20.582 8.023 26.024 13.326 5.441 5.301 8.163 11.907 8.163 19.813 0 8.792-3.327 15.698-9.978 20.721-6.651 4.977-15.603 7.466-26.86 7.466-7.813 0-14.929-1.419-21.349-4.256-6.418-2.884-11.326-6.813-14.719-11.79-3.351-4.977-5.025-10.745-5.025-17.303h21.002c0 11.209 6.696 16.815 20.092 16.815 4.977 0 8.861-1 11.652-3.001 2.791-2.046 4.184-4.884 4.184-8.511z"
        ],
        "attrs": [
          {
            "fill": "rgb(33, 150, 243)"
          },
          {
            "fill": "rgb(33, 150, 243)"
          },
          {
            "fill": "rgb(33, 150, 243)"
          },
          {
            "fill": "rgb(33, 150, 243)"
          }
        ],
        "width": 1905,
        "isMulticolor": false,
        "isMulticolor2": false,
        "grid": 0,
        "tags": [
          "client4"
        ],
        "colorPermutations": {
          "11171171171175177184125525525513315024313333331": [
            {
              "f": 3
            },
            {
              "f": 3
            },
            {
              "f": 3
            },
            {
              "f": 3
            }
          ]
        }
      },
      "attrs": [
        {
          "fill": "rgb(33, 150, 243)"
        },
        {
          "fill": "rgb(33, 150, 243)"
        },
        {
          "fill": "rgb(33, 150, 243)"
        },
        {
          "fill": "rgb(33, 150, 243)"
        }
      ],
      "properties": {
        "order": 49,
        "id": 11,
        "name": "client4",
        "prevSize": 32
      },
      "setIdx": 2,
      "setId": 4,
      "iconIdx": 5
    },
    {
      "icon": {
        "paths": [
          "M97.773 855.755c5.008 6.222 7.677 14.018 7.537 22.018 0.256 5.22-0.661 10.43-2.683 15.242-2.022 4.815-5.096 9.111-8.996 12.571-9.73 7.379-21.784 10.985-33.949 10.159h-59.682v-139.547h58.46c11.54-0.771 22.988 2.506 32.388 9.27 3.775 3.172 6.765 7.183 8.733 11.715 1.968 4.53 2.86 9.458 2.606 14.395 0.343 7.697-2.065 15.266-6.79 21.338-4.536 5.545-10.805 9.388-17.789 10.907 7.918 1.451 15.065 5.68 20.166 11.931zM27.77 834.689h24.987c5.679 0.423 11.319-1.222 15.888-4.634 1.876-1.708 3.336-3.826 4.266-6.19s1.306-4.911 1.098-7.445c0.176-2.525-0.207-5.057-1.123-7.414s-2.341-4.482-4.173-6.22c-4.706-3.508-10.521-5.181-16.363-4.704h-24.579v36.607zM71.089 888.205c2.005-1.75 3.582-3.937 4.606-6.397s1.47-5.122 1.301-7.785c0.153-2.691-0.313-5.381-1.36-7.863-1.048-2.484-2.65-4.691-4.683-6.451-4.889-3.641-10.901-5.427-16.975-5.046h-26.209v38.38h26.548c5.976 0.346 11.891-1.36 16.771-4.839z",
          "M217.272 915.746l-32.523-54.538h-12.222v54.538h-27.974v-139.547h52.96c13.349-0.935 26.546 3.312 36.869 11.863 7.403 7.573 11.868 17.552 12.591 28.14 0.721 10.586-2.346 21.084-8.654 29.6-6.534 7.514-15.458 12.525-25.257 14.179l34.628 55.764h-30.418zM172.527 842.19h22.882c15.888 0 23.832-7.046 23.832-21.134 0.163-2.878-0.272-5.756-1.279-8.456-1.004-2.699-2.557-5.159-4.56-7.225-5.021-4.192-11.487-6.225-17.993-5.658h-23.153l0.272 42.472z",
          "M370.183 887.655h-55.745l-9.846 28.086h-29.332l51.196-137.979h31.709l50.991 137.979h-29.332l-9.641-28.086zM362.714 866.522l-20.369-58.9-20.371 58.9h40.74z",
          "M561.586 915.744h-27.77l-62.261-94.894v94.894h-27.702v-139.547h27.702l62.261 95.441v-95.441h27.77v139.547z",
          "M720.062 882.342c-5.741 10.536-14.491 19.105-25.123 24.609-12.088 6.131-25.502 9.153-39.041 8.796h-49.431v-139.547h49.431c13.515-0.355 26.912 2.593 39.041 8.591 10.63 5.377 19.388 13.863 25.123 24.336 5.717 11.349 8.695 23.89 8.695 36.607 0 12.719-2.978 25.26-8.695 36.609zM688.285 879.002c7.926-9.27 12.284-21.086 12.284-33.302 0-12.218-4.357-24.031-12.284-33.302-9.58-8.397-22.073-12.661-34.764-11.863h-19.282v90.328h19.282c12.691 0.797 25.184-3.464 34.764-11.861z",
          "M387.564 0c0 0 358.433 135.865 350.829 332.471v332.539c0 0-358.163-135.933-350.694-332.539l-0.135-332.471z",
          "M1057.718 587.157c67.693-46.773 145.994-75.743 227.731-84.26v-104.097c-94.18 36.444-174.073 102.526-227.731 188.357z",
          "M1017.048 618.518c55.405-112.013 151.458-198.449 268.401-241.529v-299.954c0 0-510.46 193.539-499.664 473.518v473.447c0 0 22.746-8.656 58.529-24.881 0-15.136 0-30.404 1.63-45.744 10.565-129.978 72.109-250.425 171.104-334.857z",
          "M968.497 794.4c2.682-32.836 8.665-65.314 17.857-96.94-61.64 72.913-98.969 163.391-106.736 258.71-0.747 8.998-1.155 17.996-1.357 27.269 28.992-13.977 62.739-31.428 98.18-51.947-9.044-45.095-11.719-91.247-7.944-137.092z",
          "M988.798 796.106c-3.397 41.476-1.275 83.225 6.314 124.139 139.464-83.783 296.173-213.24 290.13-369.692v-13.634c-99.642 11.194-192.865 54.928-265.347 124.479-16.97 43.104-27.45 88.504-31.097 134.708z"
        ],
        "attrs": [
          {
            "fill": "rgb(175, 177, 184)"
          },
          {
            "fill": "rgb(175, 177, 184)"
          },
          {
            "fill": "rgb(175, 177, 184)"
          },
          {
            "fill": "rgb(175, 177, 184)"
          },
          {
            "fill": "rgb(175, 177, 184)"
          },
          {
            "fill": "rgb(175, 177, 184)"
          },
          {
            "fill": "rgb(175, 177, 184)"
          },
          {
            "fill": "rgb(175, 177, 184)"
          },
          {
            "fill": "rgb(175, 177, 184)"
          },
          {
            "fill": "rgb(175, 177, 184)"
          }
        ],
        "width": 1285,
        "isMulticolor": false,
        "isMulticolor2": false,
        "grid": 0,
        "tags": [
          "client5"
        ],
        "colorPermutations": {
          "11171171171175177184125525525513315024313333331": [
            {
              "f": 4
            },
            {
              "f": 4
            },
            {
              "f": 4
            },
            {
              "f": 4
            },
            {
              "f": 4
            },
            {
              "f": 4
            },
            {
              "f": 4
            },
            {
              "f": 4
            },
            {
              "f": 4
            },
            {
              "f": 4
            }
          ]
        }
      },
      "attrs": [
        {
          "fill": "rgb(175, 177, 184)"
        },
        {
          "fill": "rgb(175, 177, 184)"
        },
        {
          "fill": "rgb(175, 177, 184)"
        },
        {
          "fill": "rgb(175, 177, 184)"
        },
        {
          "fill": "rgb(175, 177, 184)"
        },
        {
          "fill": "rgb(175, 177, 184)"
        },
        {
          "fill": "rgb(175, 177, 184)"
        },
        {
          "fill": "rgb(175, 177, 184)"
        },
        {
          "fill": "rgb(175, 177, 184)"
        },
        {
          "fill": "rgb(175, 177, 184)"
        }
      ],
      "properties": {
        "order": 50,
        "id": 10,
        "name": "client5",
        "prevSize": 32
      },
      "setIdx": 2,
      "setId": 4,
      "iconIdx": 6
    },
    {
      "icon": {
        "paths": [
          "M995.96 475.343c-9.305-13.581-13.755-29.636-12.7-45.793v-66.397c0-20.353 4.21-35.82 12.629-46.401 8.419-10.583 22.877-15.852 43.378-15.805 19.265 0 32.937 4.501 41.025 13.508 8.82 11.491 13.109 25.542 12.128 39.716v15.603h-34.46v-15.805c0.122-5.173-0.211-10.347-0.997-15.467-0.496-3.502-2.233-6.741-4.924-9.187-3.537-2.636-7.996-3.916-12.484-3.58-4.722-0.334-9.405 1.015-13.129 3.782-3.001 2.711-5.002 6.262-5.708 10.131-0.988 5.421-1.44 10.915-1.356 16.415v80.578c-0.543 7.776 0.977 15.554 4.425 22.628 1.712 2.393 4.094 4.292 6.876 5.483 2.783 1.193 5.859 1.632 8.891 1.271 4.414 0.345 8.793-0.966 12.199-3.646 2.807-2.638 4.615-6.082 5.138-9.795 0.804-5.345 1.162-10.743 1.069-16.144v-16.344h34.46v14.926c0.968 14.775-3.219 29.44-11.914 41.744-7.92 9.859-21.404 14.79-41.238 14.79-19.832 0-34.816-5.267-43.306-16.21z",
          "M1139.436 476.020c-8.704-10.336-13.056-25.397-13.056-45.323v-69.839c0-19.723 4.352-34.651 13.056-44.782s23.258-15.175 43.662-15.128c20.262 0 34.745 5.042 43.449 15.128 8.704 10.131 13.127 25.059 13.127 44.782v69.839c0 19.723-4.423 34.854-13.27 45.254-8.846 10.403-23.258 15.603-43.306 15.603s-34.887-5.267-43.662-15.534zM1199.151 459.268c3.117-6.473 4.537-13.564 4.138-20.669v-85.508c0.401-6.968-0.995-13.922-4.067-20.264-1.747-2.444-4.187-4.374-7.039-5.567-2.849-1.195-5.999-1.605-9.085-1.187-3.096-0.41-6.251 0.007-9.111 1.2-2.858 1.193-5.311 3.117-7.083 5.554-3.137 6.324-4.559 13.288-4.138 20.264v85.914c-0.434 7.108 0.988 14.207 4.138 20.669 2.008 2.179 4.488 3.925 7.268 5.122 2.78 1.195 5.801 1.814 8.855 1.814s6.075-0.619 8.855-1.814c2.78-1.198 5.26-2.943 7.268-5.122v-0.405z",
          "M1281.124 302.984h37.1l27.895 128.859 28.538-128.859h36.1l3.64 185.994h-26.684l-2.854-129.264-27.539 129.264h-21.404l-28.538-129.736-2.638 129.736h-26.969l3.352-185.994z",
          "M1455.992 302.984h57.787c33.293 0 49.94 17.604 49.94 52.814 0 33.723-17.526 50.561-52.58 50.517h-19.69v82.664h-35.673l0.216-185.994zM1505.36 382.473c3.526 0.425 7.106 0.118 10.492-0.897 3.388-1.013 6.502-2.711 9.129-4.978 4.089-6.282 5.895-13.659 5.136-21.003 0.187-5.674-0.387-11.349-1.712-16.885-0.508-1.85-1.4-3.584-2.627-5.102-1.224-1.52-2.756-2.794-4.508-3.744-4.951-2.248-10.425-3.272-15.91-2.972h-13.84v55.581h13.84z",
          "M1615.157 302.984h38.313l39.308 185.994h-33.244l-7.778-42.886h-34.173l-7.992 42.886h-33.745l39.31-185.994zM1647.905 424.548l-13.341-78.071-13.343 78.071h26.684z",
          "M1724.527 302.984h24.972l47.801 106.1v-106.1h29.607v185.994h-23.757l-48.088-110.759v110.759h-30.606l0.071-185.994z",
          "M1896.261 418.061l-39.74-114.817h33.46l24.258 73.752 22.76-73.752h32.746l-39.239 114.817v70.916h-34.244v-70.916z",
          "M1051.043 570.299v9.726h-29.108v75.578h-12.199v-75.578h-29.251v-9.726h70.558z",
          "M1142.29 655.609h-9.416c-0.957 0.056-1.901-0.234-2.64-0.81-0.712-0.496-1.258-1.175-1.569-1.959l-8.419-20.262h-40.381l-8.419 20.262c-0.238 0.848-0.679 1.632-1.284 2.297-0.746 0.565-1.685 0.853-2.64 0.81h-9.416l35.673-85.301h12.413l36.1 84.963zM1083.216 623.934h33.676l-14.269-34.716c-1.053-2.625-1.934-5.309-2.64-8.036-0.499 1.621-0.928 3.174-1.356 4.526l-1.284 3.58-14.127 34.647z",
          "M1203.792 647.23c2.235 0.111 4.472 0.111 6.707 0 1.928-0.187 3.838-0.525 5.708-1.013 1.747-0.405 3.464-0.924 5.136-1.554 1.572-0.608 3.141-1.351 4.782-2.093v-19.184h-14.269c-0.354 0.020-0.706-0.031-1.037-0.147s-0.634-0.296-0.888-0.528c-0.236-0.191-0.421-0.432-0.543-0.701-0.125-0.267-0.183-0.561-0.171-0.853v-6.551h27.681v32.692c-2.259 1.529-4.646 2.885-7.135 4.051-2.542 1.189-5.193 2.162-7.918 2.905-2.918 0.813-5.901 1.4-8.918 1.756-3.459 0.363-6.936 0.543-10.418 0.541-6.153 0.049-12.257-1.031-17.978-3.174-5.34-2.035-10.193-5.067-14.269-8.918-3.971-3.889-7.099-8.479-9.203-13.508-2.248-5.654-3.361-11.658-3.281-17.697-0.076-6.079 1.013-12.121 3.21-17.833 2.052-5.055 5.185-9.655 9.203-13.51 4.072-3.838 8.927-6.847 14.269-8.849 6.108-2.175 12.593-3.252 19.12-3.174 3.321-0.004 6.638 0.245 9.917 0.744 2.901 0.447 5.746 1.171 8.49 2.162 2.495 0.888 4.886 2.019 7.135 3.377 2.186 1.333 4.261 2.823 6.206 4.459l-3.424 5.269c-0.269 0.481-0.668 0.884-1.158 1.169-0.49 0.287-1.051 0.441-1.625 0.452-0.79-0.024-1.556-0.258-2.213-0.677-1.069-0.539-2.211-1.215-3.495-2.026-1.518-0.899-3.117-1.67-4.779-2.297-2.128-0.806-4.323-1.44-6.565-1.89-2.987-0.521-6.022-0.77-9.060-0.744-4.708-0.049-9.381 0.752-13.771 2.364-3.969 1.507-7.546 3.813-10.487 6.754-2.956 3.068-5.216 6.678-6.636 10.605-3.186 9.24-3.186 19.2 0 28.438 1.563 4.011 3.994 7.669 7.135 10.739 2.927 2.927 6.478 5.229 10.418 6.756 4.535 1.474 9.345 2.048 14.125 1.687z",
          "M1317.512 645.877h38.957v9.726h-50.871v-85.304h12.201l-0.287 75.578z",
          "M1396.994 655.603h-12.201v-85.304h12.201v85.304z",
          "M1442.369 570.704c0.726 0.392 1.356 0.922 1.854 1.554l52.153 64.303c-0.071-1.011-0.071-2.026 0-3.039 0-0.946 0-1.892 0-2.769v-60.79h10.63v85.646h-6.135c-0.908 0.069-1.821-0.093-2.64-0.472-0.741-0.425-1.394-0.975-1.926-1.623l-52.082-64.234c0 1.013 0 1.957 0 2.903s0 1.825 0 2.636v60.79h-10.202v-85.31h6.351c0.688 0.002 1.369 0.14 1.997 0.405z",
          "M1596.823 570.299v9.387h-43.235v28.167h35.030v9.049h-35.030v29.113h43.235v9.387h-55.79v-85.103h55.79z",
          "M318.408 43.496l541.718 145.616v510.264l-541.718-145.548v-510.332zM283.664 0v578.616l611.134 164.325v-578.548l-611.134-164.393z",
          "M611.206 1011.538l-611.206-164.463v-578.553l611.206 164.394v578.622z",
          "M293.795 36.944l534.655 143.79-227.375 215.314-534.725-143.859 227.444-215.245zM283.664 0l-283.664 268.535 611.206 164.39 283.592-268.535-611.134-164.39z",
          "M645.599 978.989l249.204-235.979-249.204-67.065v303.044z"
        ],
        "attrs": [
          {
            "fill": "rgb(175, 177, 184)"
          },
          {
            "fill": "rgb(175, 177, 184)"
          },
          {
            "fill": "rgb(175, 177, 184)"
          },
          {
            "fill": "rgb(175, 177, 184)"
          },
          {
            "fill": "rgb(175, 177, 184)"
          },
          {
            "fill": "rgb(175, 177, 184)"
          },
          {
            "fill": "rgb(175, 177, 184)"
          },
          {
            "fill": "rgb(175, 177, 184)"
          },
          {
            "fill": "rgb(175, 177, 184)"
          },
          {
            "fill": "rgb(175, 177, 184)"
          },
          {
            "fill": "rgb(175, 177, 184)"
          },
          {
            "fill": "rgb(175, 177, 184)"
          },
          {
            "fill": "rgb(175, 177, 184)"
          },
          {
            "fill": "rgb(175, 177, 184)"
          },
          {
            "fill": "rgb(175, 177, 184)"
          },
          {
            "fill": "rgb(175, 177, 184)"
          },
          {
            "fill": "rgb(175, 177, 184)"
          },
          {
            "fill": "rgb(175, 177, 184)"
          }
        ],
        "width": 1981,
        "isMulticolor": false,
        "isMulticolor2": false,
        "grid": 0,
        "tags": [
          "client6"
        ],
        "colorPermutations": {
          "11171171171175177184125525525513315024313333331": [
            {
              "f": 4
            },
            {
              "f": 4
            },
            {
              "f": 4
            },
            {
              "f": 4
            },
            {
              "f": 4
            },
            {
              "f": 4
            },
            {
              "f": 4
            },
            {
              "f": 4
            },
            {
              "f": 4
            },
            {
              "f": 4
            },
            {
              "f": 4
            },
            {
              "f": 4
            },
            {
              "f": 4
            },
            {
              "f": 4
            },
            {
              "f": 4
            },
            {
              "f": 4
            },
            {
              "f": 4
            },
            {
              "f": 4
            }
          ]
        }
      },
      "attrs": [
        {
          "fill": "rgb(175, 177, 184)"
        },
        {
          "fill": "rgb(175, 177, 184)"
        },
        {
          "fill": "rgb(175, 177, 184)"
        },
        {
          "fill": "rgb(175, 177, 184)"
        },
        {
          "fill": "rgb(175, 177, 184)"
        },
        {
          "fill": "rgb(175, 177, 184)"
        },
        {
          "fill": "rgb(175, 177, 184)"
        },
        {
          "fill": "rgb(175, 177, 184)"
        },
        {
          "fill": "rgb(175, 177, 184)"
        },
        {
          "fill": "rgb(175, 177, 184)"
        },
        {
          "fill": "rgb(175, 177, 184)"
        },
        {
          "fill": "rgb(175, 177, 184)"
        },
        {
          "fill": "rgb(175, 177, 184)"
        },
        {
          "fill": "rgb(175, 177, 184)"
        },
        {
          "fill": "rgb(175, 177, 184)"
        },
        {
          "fill": "rgb(175, 177, 184)"
        },
        {
          "fill": "rgb(175, 177, 184)"
        },
        {
          "fill": "rgb(175, 177, 184)"
        }
      ],
      "properties": {
        "order": 51,
        "id": 9,
        "name": "client6",
        "prevSize": 32
      },
      "setIdx": 2,
      "setId": 4,
      "iconIdx": 7
    },
    {
      "icon": {
        "paths": [
          "M1001.492 489.64c-0.056-270.476-219.367-489.695-489.852-489.64-270.476 0.055-489.695 219.374-489.64 489.851 0.047 213.055 137.82 401.633 340.781 466.438 1.937 0.61 3.953 0.922 5.977 0.914 3.859-0.007 7.641-1.039 10.96-3 4.321-2.554 7.547-6.617 9.062-11.406l123.68-392c33.812-0.171 61.079-27.726 60.899-61.531-0.173-33.812-27.718-61.079-61.531-60.906-9.095 0.038-18.071 2.133-26.242 6.125l-163.391-163.414c-8.11-7.828-21.024-7.601-28.852 0.5-7.641 7.914-7.641 20.445 0 28.359l163.305 163.492c-12.531 25.578-5.367 56.453 17.164 73.89l-117.843 373.532c-232.891-85.789-352.141-344.125-266.351-577.015 85.79-232.891 344.124-352.141 577.016-266.352s352.14 344.133 266.351 577.016c-41.914 113.781-128.031 205.796-238.788 255.149l-12.736-59.977c-2.327-11.023-13.163-18.071-24.187-15.734-3.477 0.743-6.703 2.376-9.359 4.743l-122.781 109.618c-8.423 7.491-9.172 20.389-1.672 28.812 2.437 2.734 5.562 4.765 9.062 5.882l156.757 50.031c10.727 3.445 22.219-2.453 25.664-13.188 1.094-3.391 1.274-7 0.54-10.484l-12.516-58.851c181.258-76.415 298.945-254.149 298.524-450.853zM511.75 469.235c11.265 0 20.407 9.14 20.407 20.405 0 11.274-9.141 20.407-20.407 20.407-11.273 0-20.405-9.133-20.405-20.407 0-11.265 9.133-20.405 20.405-20.405zM578.961 944.883l69.891-62.344 19.289 90.89-89.18-28.546z",
          "M491.343 101.922v40.813c0 11.274 9.133 20.407 20.405 20.407 11.267 0 20.407-9.133 20.407-20.407v-40.813c0-11.266-9.14-20.406-20.407-20.406-11.273 0-20.405 9.141-20.405 20.406z",
          "M124.031 469.233c-11.274 0-20.406 9.141-20.406 20.407 0 11.274 9.133 20.407 20.406 20.407h40.812c11.274 0 20.407-9.133 20.407-20.407 0-11.265-9.133-20.407-20.407-20.407h-40.812z",
          "M899.461 510.047c11.274 0 20.407-9.133 20.407-20.407 0-11.265-9.133-20.407-20.407-20.407h-40.812c-11.265 0-20.405 9.141-20.405 20.407 0 11.274 9.14 20.407 20.405 20.407h40.812z"
        ],
        "attrs": [
          {
            "fill": "rgb(33, 33, 33)"
          },
          {
            "fill": "rgb(33, 150, 243)"
          },
          {
            "fill": "rgb(33, 150, 243)"
          },
          {
            "fill": "rgb(33, 150, 243)"
          }
        ],
        "isMulticolor": true,
        "isMulticolor2": false,
        "grid": 0,
        "tags": [
          "clock"
        ],
        "colorPermutations": {
          "11171171171175177184125525525513315024313333331": [
            {
              "f": 1
            },
            {
              "f": 3
            },
            {
              "f": 3
            },
            {
              "f": 3
            }
          ]
        }
      },
      "attrs": [
        {
          "fill": "rgb(33, 33, 33)"
        },
        {
          "fill": "rgb(33, 150, 243)"
        },
        {
          "fill": "rgb(33, 150, 243)"
        },
        {
          "fill": "rgb(33, 150, 243)"
        }
      ],
      "properties": {
        "order": 52,
        "id": 8,
        "name": "clock",
        "prevSize": 32
      },
      "setIdx": 2,
      "setId": 4,
      "iconIdx": 8
    },
    {
      "icon": {
        "paths": [
          "M477.618 478.868h34.115v153.52h-34.115v-153.52z",
          "M614.078 547.098h34.115v85.289h-34.115v-85.289z",
          "M341.153 598.272h34.117v34.115h-34.117v-34.115z",
          "M238.807 581.214h34.115v51.172h-34.115v-51.172z",
          "M51.173 905.311h818.772c28.259 0 51.172-22.913 51.172-51.174v-68.231c0-28.261-22.913-51.174-51.172-51.174h-17.058v-425.386l96.891-91.786c22.489 11.087 49.708 4.356 64.424-15.958 14.727-20.306 12.661-48.266-4.88-66.19s-45.444-20.597-66.074-6.33c-20.622 14.276-27.952 41.336-17.357 64.066l-73.004 69.206v-39.355c0-28.259-22.913-51.172-51.174-51.172h-682.309c-28.26 0-51.173 22.913-51.173 51.172v511.732h-17.058c-28.26 0-51.173 22.913-51.173 51.174v68.231c0 28.261 22.913 51.174 51.173 51.174zM972.291 154.77c9.419 0 17.057 7.638 17.057 17.058 0 9.419-7.638 17.057-17.057 17.057-9.421 0-17.058-7.638-17.058-17.057 0-9.421 7.638-17.058 17.058-17.058zM102.346 223.001c0-9.419 7.638-17.057 17.058-17.057h682.309c9.421 0 17.058 7.638 17.058 17.057v71.638l-34.115 32.417v-69.938c0-9.421-7.638-17.058-17.058-17.058h-614.078c-9.42 0-17.058 7.638-17.058 17.058v426.443c0 9.419 7.638 17.057 17.058 17.057h614.078c9.421 0 17.058-7.638 17.058-17.057v-309.58l34.115-32.325v393.077h-716.425v-511.732zM255.865 444.752c-23.079-0.067-43.343 15.309-49.481 37.554-6.14 22.247 3.365 45.843 23.213 57.62 19.839 11.777 45.117 8.82 61.7-7.229l59.294 29.75c6.889 3.449 15.242 1.833 20.364-3.922l126.043-141.801 123.901 92.843c6.647 4.98 15.925 4.447 21.956-1.258l107.685-102.005v260.197h-579.963v-392.328h579.963v85.131l-120.687 114.29-124.943-93.668c-7.096-5.313-17.083-4.314-22.98 2.307l-127.775 143.767-47.767-23.887c0.35-2.049 0.566-4.115 0.65-6.189 0-28.259-22.913-51.172-51.174-51.172zM272.924 495.925c0 9.421-7.638 17.058-17.058 17.058-9.419 0-17.057-7.638-17.057-17.058 0-9.419 7.638-17.057 17.057-17.057 9.421 0 17.058 7.638 17.058 17.057zM375.27 768.848h170.578v17.058c0 9.419-7.638 17.058-17.058 17.058h-136.461c-9.421 0-17.058-7.639-17.058-17.058v-17.058zM34.115 785.907c0-9.421 7.638-17.058 17.058-17.058h289.981v17.058c0 28.259 22.913 51.174 51.174 51.174h136.461c28.261 0 51.174-22.914 51.174-51.174v-17.058h289.982c9.419 0 17.057 7.638 17.057 17.058v68.231c0 9.421-7.638 17.058-17.057 17.058h-818.772c-9.42 0-17.058-7.638-17.058-17.058v-68.231z"
        ],
        "attrs": [
          {
            "fill": "rgb(33, 150, 243)"
          },
          {
            "fill": "rgb(33, 150, 243)"
          },
          {
            "fill": "rgb(33, 150, 243)"
          },
          {
            "fill": "rgb(33, 150, 243)"
          },
          {
            "fill": "rgb(33, 33, 33)"
          }
        ],
        "isMulticolor": true,
        "isMulticolor2": false,
        "grid": 0,
        "tags": [
          "diagram"
        ],
        "colorPermutations": {
          "11171171171175177184125525525513315024313333331": [
            {
              "f": 3
            },
            {
              "f": 3
            },
            {
              "f": 3
            },
            {
              "f": 3
            },
            {
              "f": 1
            }
          ]
        }
      },
      "attrs": [
        {
          "fill": "rgb(33, 150, 243)"
        },
        {
          "fill": "rgb(33, 150, 243)"
        },
        {
          "fill": "rgb(33, 150, 243)"
        },
        {
          "fill": "rgb(33, 150, 243)"
        },
        {
          "fill": "rgb(33, 33, 33)"
        }
      ],
      "properties": {
        "order": 53,
        "id": 7,
        "name": "diagram",
        "prevSize": 32
      },
      "setIdx": 2,
      "setId": 4,
      "iconIdx": 9
    },
    {
      "icon": {
        "paths": [
          "M589.517 356.557h42.491v-74.007c-7.331-1.008-32.542-3.277-61.905-3.277-61.265 0-103.233 38.535-103.233 109.363v65.182h-67.607v82.735h67.607v208.175h82.888v-208.156h64.873l10.298-82.735h-75.19v-56.997c0.019-23.913 6.458-40.283 39.778-40.283z"
        ],
        "attrs": [
          {
            "fill": "rgb(175, 177, 184)"
          }
        ],
        "isMulticolor": false,
        "isMulticolor2": false,
        "grid": 0,
        "tags": [
          "facebook"
        ],
        "colorPermutations": {
          "11171171171175177184125525525513315024313333331": [
            {
              "f": 4
            }
          ]
        }
      },
      "attrs": [
        {
          "fill": "rgb(175, 177, 184)"
        }
      ],
      "properties": {
        "order": 54,
        "id": 6,
        "name": "facebook",
        "prevSize": 32
      },
      "setIdx": 2,
      "setId": 4,
      "iconIdx": 10
    },
    {
      "icon": {
        "paths": [
          "M744.271 416.119c-1.089-24.732-5.090-41.735-10.817-56.469-5.911-15.637-15.004-29.64-26.917-41.279-11.639-11.82-25.733-21.006-41.19-26.824-14.818-5.727-31.732-9.728-56.462-10.817-24.916-1.182-32.826-1.457-96.021-1.457s-71.105 0.275-95.928 1.364c-24.732 1.091-41.735 5.094-56.464 10.819-15.642 5.909-29.642 15.002-41.281 26.915-11.82 11.639-21.004 25.733-26.824 41.19-5.73 14.822-9.728 31.732-10.819 56.464-1.182 24.916-1.455 32.826-1.455 96.021 0 63.192 0.272 71.103 1.364 95.928 1.089 24.73 5.092 41.733 10.822 56.467 5.909 15.637 15.092 29.64 26.913 41.279 11.639 11.82 25.733 21.006 41.19 26.824 14.82 5.727 31.732 9.728 56.467 10.817 24.82 1.094 32.733 1.364 95.928 1.364s71.103-0.27 95.928-1.364c24.732-1.089 41.733-5.090 56.462-10.817 31.281-12.095 56.013-36.827 68.108-68.103 5.725-14.822 9.728-31.737 10.819-56.467 1.089-24.825 1.364-32.735 1.364-95.928 0-63.195-0.093-71.105-1.185-95.928zM702.357 606.154c-1.001 22.733-4.82 35.007-8.001 43.19-7.822 20.278-23.915 36.371-44.193 44.193-8.183 3.184-20.547 7-43.19 7.999-24.55 1.094-31.914 1.364-94.017 1.364s-69.56-0.27-94.022-1.364c-22.73-0.998-35.007-4.815-43.19-7.999-10.091-3.728-19.277-9.64-26.731-17.368-7.729-7.547-13.64-16.64-17.368-26.731-3.181-8.183-7-20.55-7.999-43.19-1.094-24.55-1.364-31.916-1.364-94.022 0-62.103 0.27-69.558 1.364-94.017 0.998-22.73 4.817-35.007 7.999-43.19 3.728-10.093 9.64-19.274 17.462-26.733 7.543-7.729 16.635-13.64 26.731-17.366 8.183-3.181 20.55-7 43.19-8.001 24.55-1.091 31.916-1.364 94.017-1.364 62.196 0 69.558 0.272 94.019 1.364 22.733 1.001 35.007 4.82 43.192 8.001 10.089 3.726 19.274 9.637 26.731 17.366 7.727 7.547 13.638 16.64 17.368 26.733 3.181 8.183 7 20.547 8.001 43.19 1.091 24.55 1.364 31.914 1.364 94.017 0 62.106-0.272 69.378-1.364 93.929z",
          "M512.863 392.474c-66.011 0-119.568 53.555-119.568 119.571 0 66.013 53.558 119.568 119.568 119.568 66.015 0 119.571-53.555 119.571-119.568 0-66.015-53.555-119.571-119.571-119.571zM512.863 589.605c-42.824 0-77.561-34.735-77.561-77.561 0-42.829 34.737-77.563 77.561-77.563 42.829 0 77.561 34.735 77.561 77.563 0 42.826-34.732 77.561-77.561 77.561z",
          "M665.076 387.749c0 15.416-12.5 27.913-27.918 27.913-15.416 0-27.913-12.497-27.913-27.913 0-15.418 12.497-27.913 27.913-27.913 15.418 0 27.918 12.495 27.918 27.913z"
        ],
        "attrs": [
          {
            "fill": "rgb(175, 177, 184)"
          },
          {
            "fill": "rgb(175, 177, 184)"
          },
          {
            "fill": "rgb(175, 177, 184)"
          }
        ],
        "isMulticolor": false,
        "isMulticolor2": false,
        "grid": 0,
        "tags": [
          "instagram"
        ],
        "colorPermutations": {
          "11171171171175177184125525525513315024313333331": [
            {
              "f": 4
            },
            {
              "f": 4
            },
            {
              "f": 4
            }
          ]
        }
      },
      "attrs": [
        {
          "fill": "rgb(175, 177, 184)"
        },
        {
          "fill": "rgb(175, 177, 184)"
        },
        {
          "fill": "rgb(175, 177, 184)"
        }
      ],
      "properties": {
        "order": 55,
        "id": 5,
        "name": "instagram",
        "prevSize": 32
      },
      "setIdx": 2,
      "setId": 4,
      "iconIdx": 11
    },
    {
      "icon": {
        "paths": [
          "M744.613 744.73v-0.019h0.116v-170.705c0-83.512-17.978-147.84-115.607-147.84-46.934 0-78.429 25.754-91.287 50.171h-1.359v-42.375h-92.567v310.749h96.389v-153.872c0-40.513 7.68-79.69 57.851-79.69 49.436 0 50.174 46.236 50.174 82.29v151.291h96.291z",
          "M286.955 433.978h96.503v310.749h-96.503v-310.749z",
          "M335.167 279.273c-30.857 0-55.894 25.037-55.894 55.894 0 30.855 25.037 56.415 55.894 56.415 30.855 0 55.892-25.56 55.892-56.415-0.019-30.857-25.055-55.894-55.892-55.894v0z"
        ],
        "attrs": [
          {
            "fill": "rgb(175, 177, 184)"
          },
          {
            "fill": "rgb(175, 177, 184)"
          },
          {
            "fill": "rgb(175, 177, 184)"
          }
        ],
        "isMulticolor": false,
        "isMulticolor2": false,
        "grid": 0,
        "tags": [
          "linkedin"
        ],
        "colorPermutations": {
          "11171171171175177184125525525513315024313333331": [
            {
              "f": 4
            },
            {
              "f": 4
            },
            {
              "f": 4
            }
          ]
        }
      },
      "attrs": [
        {
          "fill": "rgb(175, 177, 184)"
        },
        {
          "fill": "rgb(175, 177, 184)"
        },
        {
          "fill": "rgb(175, 177, 184)"
        }
      ],
      "properties": {
        "order": 56,
        "id": 4,
        "name": "linkedin",
        "prevSize": 32
      },
      "setIdx": 2,
      "setId": 4,
      "iconIdx": 12
    },
    {
      "icon": {
        "paths": [
          "M1237.333 10.682h-1109.332c-70.584 0-128.001 53.598-128.001 119.489v716.925c0 65.894 57.417 119.491 128.001 119.491h1109.332c70.579 0 128-53.598 128-119.491v-716.925c0-65.89-57.421-119.489-128-119.489zM1237.333 90.341c5.794 0 11.307 1.122 16.35 3.083l-571.017 461.994-571.023-461.994c5.042-1.958 10.557-3.083 16.354-3.083h1109.335zM1237.333 886.921h-1109.332c-23.541 0-42.668-17.852-42.668-39.827v-669.51l569.375 460.642c8.043 6.494 18 9.724 27.959 9.724s19.916-3.227 27.959-9.724l569.375-460.642v669.513c0 21.972-19.123 39.824-42.667 39.824z"
        ],
        "attrs": [
          {
            "fill": "rgb(33, 150, 243)"
          }
        ],
        "width": 1365,
        "isMulticolor": false,
        "isMulticolor2": false,
        "grid": 0,
        "tags": [
          "mail"
        ],
        "colorPermutations": {
          "11171171171175177184125525525513315024313333331": [
            {
              "f": 3
            }
          ]
        }
      },
      "attrs": [
        {
          "fill": "rgb(33, 150, 243)"
        }
      ],
      "properties": {
        "order": 57,
        "id": 2,
        "name": "mail",
        "prevSize": 32
      },
      "setIdx": 2,
      "setId": 4,
      "iconIdx": 13
    },
    {
      "icon": {
        "paths": [
          "M580.267 4.154h-477.867c-56.467 0-102.4 42.878-102.4 95.59v828.45c0 52.709 45.933 95.587 102.4 95.587h477.867c56.467 0 102.4-42.878 102.4-95.587v-828.45c0-52.712-45.933-95.59-102.4-95.59zM102.4 67.881h477.867c18.833 0 34.133 14.283 34.133 31.863v669.129h-546.133v-669.129c0-17.581 15.3-31.863 34.133-31.863zM580.267 960.055h-477.867c-18.833 0-34.133-14.281-34.133-31.86v-95.594h546.133v95.594c0 17.579-15.3 31.86-34.133 31.86z",
          "M160.669 873.8c13.33 12.452 13.33 32.631 0 45.076-13.33 12.452-34.941 12.452-48.271 0-13.33-12.445-13.33-32.625 0-45.076 13.33-12.445 34.941-12.445 48.271 0z"
        ],
        "attrs": [
          {
            "fill": "rgb(117, 117, 117)"
          },
          {
            "fill": "rgb(117, 117, 117)"
          }
        ],
        "width": 683,
        "isMulticolor": false,
        "isMulticolor2": false,
        "grid": 0,
        "tags": [
          "tel"
        ],
        "colorPermutations": {
          "11171171171175177184125525525513315024313333331": [
            {
              "f": 2
            },
            {
              "f": 2
            }
          ]
        }
      },
      "attrs": [
        {
          "fill": "rgb(117, 117, 117)"
        },
        {
          "fill": "rgb(117, 117, 117)"
        }
      ],
      "properties": {
        "order": 58,
        "id": 1,
        "name": "tel",
        "prevSize": 32
      },
      "setIdx": 2,
      "setId": 4,
      "iconIdx": 14
    },
    {
      "icon": {
        "paths": [
          "M744.727 367.681c-17.308 7.592-35.754 12.623-54.982 15.067 19.782-11.809 34.881-30.371 41.977-52.741-18.441 10.996-38.805 18.765-60.509 23.098-17.513-18.646-42.473-30.196-69.702-30.196-52.827 0-95.36 42.88-95.36 95.448 0 7.561 0.64 14.834 2.213 21.758-79.332-3.868-149.527-41.889-196.685-99.81-8.234 14.285-13.061 30.634-13.061 48.233 0 33.047 17.017 62.341 42.384 79.302-15.332-0.291-30.371-4.741-43.113-11.753 0 0.291 0 0.668 0 1.047 0 46.371 33.075 84.887 76.451 93.759-7.768 2.125-16.233 3.142-25.018 3.142-6.109 0-12.276-0.347-18.067-1.629 12.365 37.79 47.448 65.573 89.165 66.474-32.465 25.398-73.686 40.697-118.312 40.697-7.827 0-15.332-0.347-22.838-1.308 42.268 27.259 92.365 42.822 146.385 42.822 175.593 0 271.593-145.455 271.593-271.535 0-4.219-0.144-8.29-0.349-12.335 18.939-13.44 34.851-30.224 47.825-49.541z"
        ],
        "attrs": [
          {
            "fill": "rgb(175, 177, 184)"
          }
        ],
        "isMulticolor": false,
        "isMulticolor2": false,
        "grid": 0,
        "tags": [
          "twitter"
        ],
        "colorPermutations": {
          "11171171171175177184125525525513315024313333331": [
            {
              "f": 4
            }
          ]
        }
      },
      "attrs": [
        {
          "fill": "rgb(175, 177, 184)"
        }
      ],
      "properties": {
        "order": 59,
        "id": 0,
        "name": "twitter",
        "prevSize": 32
      },
      "setIdx": 2,
      "setId": 4,
      "iconIdx": 15
    }
  ],
  "height": 1024,
  "preferences": {
    "showGlyphs": true,
    "showQuickUse": true,
    "showQuickUse2": true,
    "showSVGs": true,
    "fontPref": {
      "prefix": "icon-",
      "metadata": {
        "fontFamily": "icomoon"
      },
      "metrics": {
        "emSize": 1024,
        "baseline": 6.25,
        "whitespace": 50
      },
      "embed": false
    },
    "imagePref": {
      "prefix": "icon-",
      "png": true,
      "useClassSelector": true,
      "color": 0,
      "bgColor": 16777215,
      "classSelector": ".icon",
      "name": "icomoon"
    },
    "historySize": 50,
    "showCodes": true,
    "gridSize": 16
  }
}